Diabetes mellutis,Diabetes complications,Essential hypertension,Acute myocardial infarction,Heart failure,Peripheral vascular disease,Peripheral arterial disease,Cardiomyopathy,Arrhythmia,Cerebral vascular disease,Stroke,Renal disease,Liver disease,Severe liver disease,HIV,Connective tissue disorder,Osteoporosis,Sleep disorder/apnoea,Peptic ulcer disease,Cataract,Glaucoma,Dementia,Depression anxiety,Pulmonary disease,Antibiotic treated infections,Paraplegia,Psychosis,Dyslipidaemia,Certain infectious and parasitic diseases,Cancer
E119,E102,I10,I219,I509,I739,I702,I420,I48,G46,I639,N170,K702,K721,B21,M05,M809,G472,K259,H251,H401,F01,F251,J120,A02,G041,F200,E78,A020,C00
E113,E103,,I210,I501,I790,I708,I425,I480,G460,I64,N171,K703,K729,B210,M050,M808,G471,K257,H259,H409,F015,F320,J121,A01,G820,F220,E780,A021,C000
E111,E104,,I214,I500,Z958,I709,I429,I481,G461,I694,N178,K717,K766,B211,M0500,M804,G479,K250,H250,H408,F0150,F321,J122,A00,G821,F209,E7800,A029,C001
E110,E107,,I211,I50,Z959,I701,I423,I489,G462,,N179,K73,K767,B212,M0501,M800,G478,K253,H258,H400,F0151,F322,J123,A020,G822,F29,E7801,A039,C002
E114,E112,,I213,I501,I71,I700,I422,I482,G463,,N183,K730,,B213,M05011,M802,G470,K254,H252,H402,F02,F323,J128,A029,G810,F205,E781,A042,C003
E115,E113,,I212,I502,I710,I739,I421,I483,G464,,N184,K731,,B217,M05012,M819,G474,K255,H269,H405,F028,F328,J129,A039,G811,F259,E782,A044,C004
E116,E114,,I229,I5020,I7100,,I428,I484,G465,,N185,K732,,B218,M05019,M810,G473,K256,H264,H403,F0280,F329,J13,A045,G819,F239,E783,A045,C005
E112,E117,,I228,I5021,I7101,,I426,,G466,,N19,K738,,B219,M0502,M814,,K251,H268,H404,F0281,F330,J14,A047,,F251,E784,A047,C006
E118,E132,,I221,I5022,I7102,,,,G467,,N052,K739,,B22,M05021,M818,,K252,H263,H406,F03,F331,J150,A048,,F250,E7841,A048,C008
E101,E133,,I220,I5023,I7103,,,,G468,,N053,K74,,B220,M05022,M815,,K267,H260,H41,F039,F332,J151,A049,,F252,E7849,A049,C009
E105,E134,,I21,I503,I711,,,,I60,,N054,K740,,B221,M05029,M816,,K263,H262,H42,F0390,F333,J152,A052,,F230,E785,A052,C01
E106,E137,,I210,I5030,I712,,,,I600,,N055,K7400,,B222,M0503,I828,,K260,H261,,F0391,F334,J153,A058,,F229,,A058,C02
E108,E142,,I2101,I5031,I713,,,,I6000,,N056,K7401,,B227,M05031,I822,,K269,H271,,F051,F338,J154,A059,,F28,,A059,C020
E109,E143,,I2102,I5032,I714,,,,I6001,,N072,K7402,,B23,M05032,I829,,K265,H270,,,F339,J155,A066,,F238,,A061,C021
E111,E144,,I2109,I5033,I715,,,,I6002,,N073,K741,,B230,M05039,I823,,K266,H278,,,F409,J156,A071,,F231,,A066,C022
E115,E147,,I211,I504,I716,,,,I601,,N074,K742,,B231,M0504,I839,,K264,H279,,,F410,J157,A080,,F233,,A071,C023
E116,,,I2111,I5040,I718,,,,I6010,,I12,K743,,B232,M05041,I830,,K261,H280,,,F411,J158,A081,,F232,,A080,C024
E118,,,I2119,I5041,I719,,,,I6011,,I120,K744,,B238,M05042,I832,,K262,,,,F412,J159,A083,,F21,,A081,C028
E119,,,I212,I5042,,,,,I6012,,I129,K745,,B24,M05049,I831,,K279,,,,F419,J160,A084,,,,A083,C029
E131,,,I2121,I5043,,,,,I602,,I13,K746,,,M0505,I841,,K275,,,,,J168,A085,,,,A084,C03
E131,,,I2129,I508,,,,,I603,,I130,K7460,,,M05051,I849,,K273,,,,,J170,A09,,,,A085,C030
E136,,,I213,I5081,,,,,I6030,,I131,K7469,,,M05052,I848,,K274,,,,,J172,A090,,,,A09,C031
E138,,,I214,I50810,,,,,I6031,,I132,,,,M05059,I846,,K25,,,,,J173,A099,,,,A090,C039
E139,,,I219,I50811,,,,,I6032,,I139,,,,M0506,I842,,K26,,,,,J180,A155,,,,A099,C04
E141,,,I21A,I50812,,,,,I604,,N01,,,,M05061,I844,,K27,,,,,J181,A150,,,,A150,C040
E145,,,I21A1,I50813,,,,,I605,,N010,,,,M05062,I840,,K270,,,,,J182,A151,,,,A151,C041
E146,,,I21A9,I50814,,,,,I6050,,N011,,,,M05069,I847,,K271,,,,,J188,A162,,,,A152,C048
E148,,,I22,I5082,,,,,I6051,,N012,,,,M0507,I845,,K272,,,,,J189,A153,,,,A153,C049
E149,,,I220,I5083,,,,,I6052,,N013,,,,M05071,I843,,K276,,,,,J41,A165,,,,A154,C05
,,,I221,I5084,,,,,I606,,N014,,,,M05072,I850,,K277,,,,,J410,A169,,,,A155,C050
,,,I222,I5089,,,,,I607,,N015,,,,M05079,I859,,K28,,,,,J411,A170,,,,A156,C051
,,,I228,I509,,,,,I608,,N016,,,,M0509,,,K280,,,,,J418,A181,,,,A157,C052
,,,I229,,,,,,I609,,N017,,,,M051,,,K281,,,,,J40,A154,,,,A159,C058
,,,I23,,,,,,I61,,N018,,,,M0510,,,K282,,,,,J42,A199,,,,A160,C059
,,,I230,,,,,,I610,,N019,,,,M0511,,,K283,,,,,J43,A152,,,,A161,C06
,,,I231,,,,,,I611,,N01A,,,,M05111,,,K284,,,,,J430,A159,,,,A162,C060
,,,I232,,,,,,I612,,N03,,,,M05112,,,K285,,,,,J431,A160,,,,A164,C061
,,,I233,,,,,,I613,,N030,,,,M05119,,,K286,,,,,J432,A310,,,,A165,C062
,,,I234,,,,,,I614,,N031,,,,M0512,,,K287,,,,,J438,A319,,,,A167,C068
,,,I235,,,,,,I615,,N032,,,,M05121,,,K289,,,,,J439,A327,,,,A169,C0680
,,,I236,,,,,,I616,,N033,,,,M05122,,,,,,,,J44,A398,,,,A170,C0689
,,,I237,,,,,,I618,,N034,,,,M05129,,,,,,,,J440,A318,,,,A181,C069
,,,I238,,,,,,I619,,N035,,,,M0513,,,,,,,,J441,A394,,,,A188,C07
,,,I252,,,,,,I62,,N036,,,,M05131,,,,,,,,J449,A390,,,,A199,C08
,,,I258,,,,,,I620,,N037,,,,M05132,,,,,,,,J45,A419,,,,A281,C080
,,,,,,,,,I6200,,N038,,,,M05139,,,,,,,,J452,A410,,,,A310,C081
,,,,,,,,,I6201,,N039,,,,M0514,,,,,,,,J4520,A415,,,,A318,C088
,,,,,,,,,I6202,,N03A,,,,M05141,,,,,,,,J4521,A408,,,,A319,C089
,,,,,,,,,I6203,,N18,,,,M05142,,,,,,,,J4522,A498,,,,A321,C09
,,,,,,,,,I621,,N181,,,,M05149,,,,,,,,J453,A499,,,,A327,C090
,,,,,,,,,I629,,N182,,,,M0515,,,,,,,,J4530,A492,,,,A390,C091
,,,,,,,,,I63,,N183,,,,M05151,,,,,,,,J4531,A418,,,,A394,C098
,,,,,,,,,I630,,N1830,,,,M05152,,,,,,,,J4532,A400,,,,A398,C099
,,,,,,,,,I6300,,N1831,,,,M05159,,,,,,,,J454,A428,,,,A400,C10
,,,,,,,,,I6301,,N1832,,,,M0516,,,,,,,,J4540,A403,,,,A401,C100
,,,,,,,,,I63011,,N184,,,,M05161,,,,,,,,J4541,A412,,,,A402,C101
,,,,,,,,,I63012,,N185,,,,M05162,,,,,,,,J4542,A490,,,,A403,C102
,,,,,,,,,I63013,,N186,,,,M05169,,,,,,,,J455,A411,,,,A408,C103
,,,,,,,,,I63019,,N189,,,,M0517,,,,,,,,J4550,A401,,,,A409,C104
,,,,,,,,,I6302,,N19,,,,M05171,,,,,,,,J4551,A430,,,,A410,C108
,,,,,,,,,I6303,,N25,,,,M05172,,,,,,,,J4552,A481,,,,A411,C109
,,,,,,,,,I63031,,N250,,,,M05179,,,,,,,,J459,A409,,,,A412,C11
,,,,,,,,,I63032,,N251,,,,M0519,,,,,,,,J4590,A414,,,,A413,C110
,,,,,,,,,I63033,,N258,,,,M052,,,,,,,,J45901,A491,,,,A414,C111
,,,,,,,,,I63039,,N2581,,,,M0520,,,,,,,,J45902,A413,,,,A415,C112
,,,,,,,,,I6309,,N2589,,,,M0521,,,,,,,,J45909,A420,,,,A418,C113
,,,,,,,,,I631,,N259,,,,M05211,,,,,,,,J4599,A402,,,,A419,C118
,,,,,,,,,I6310,,,,,,M05212,,,,,,,,J45990,A46,,,,A420,C119
,,,,,,,,,I6311,,,,,,M05219,,,,,,,,J45991,A429,,,,A428,C12
,,,,,,,,,I63111,,,,,,M0522,,,,,,,,J45998,A480,,,,A429,C13
,,,,,,,,,I63112,,,,,,M05221,,,,,,,,J47,A521,,,,A430,C130
,,,,,,,,,I63113,,,,,,M05222,,,,,,,,J470,A523,,,,A46,C131
,,,,,,,,,I63119,,,,,,M05229,,,,,,,,J471,A529,,,,A480,C132
,,,,,,,,,I6312,,,,,,M0523,,,,,,,,J479,A630,,,,A481,C138
,,,,,,,,,I6313,,,,,,M05231,,,,,,,,J46,A661,,,,A490,C139
,,,,,,,,,I63131,,,,,,M05232,,,,,,,,J60,B95,,,,A491,C14
,,,,,,,,,I63132,,,,,,M05239,,,,,,,,J61,B96,,,,A492,C140
,,,,,,,,,I63133,,,,,,M0524,,,,,,,,J62,,,,,A493,C142
,,,,,,,,,I63139,,,,,,M05241,,,,,,,,J620,,,,,A498,C148
,,,,,,,,,I6319,,,,,,M05242,,,,,,,,J628,,,,,A499,C15
,,,,,,,,,I632,,,,,,M05249,,,,,,,,J63,,,,,A521,C150
,,,,,,,,,I6320,,,,,,M0525,,,,,,,,J630,,,,,A523,C151
,,,,,,,,,I6321,,,,,,M05251,,,,,,,,J631,,,,,A529,C152
,,,,,,,,,I63211,,,,,,M05252,,,,,,,,J632,,,,,A630,C153
,,,,,,,,,I63212,,,,,,M05259,,,,,,,,J633,,,,,A661,C154
,,,,,,,,,I63213,,,,,,M0526,,,,,,,,J634,,,,,A78,C155
,,,,,,,,,I63219,,,,,,M05261,,,,,,,,J635,,,,,A804,C158
,,,,,,,,,I6322,,,,,,M05262,,,,,,,,J636,,,,,A809,C159
,,,,,,,,,I6323,,,,,,M05269,,,,,,,,J64,,,,,A810,C16
,,,,,,,,,I63231,,,,,,M0527,,,,,,,,J65,,,,,A812,C160
,,,,,,,,,I63232,,,,,,M05271,,,,,,,,J66,,,,,A86,C161
,,,,,,,,,I63233,,,,,,M05272,,,,,,,,J660,,,,,A879,C162
,,,,,,,,,I63239,,,,,,M05279,,,,,,,,J661,,,,,B000,C163
,,,,,,,,,I6329,,,,,,M0529,,,,,,,,J662,,,,,B001,C164
,,,,,,,,,I633,,,,,,M053,,,,,,,,J668,,,,,B004,C165
,,,,,,,,,I6330,,,,,,M0530,,,,,,,,J67,,,,,B005,C166
,,,,,,,,,I6331,,,,,,M0531,,,,,,,,J670,,,,,B011,C168
,,,,,,,,,I63311,,,,,,M05311,,,,,,,,J671,,,,,B012,C169
,,,,,,,,,I63312,,,,,,M05312,,,,,,,,J672,,,,,B019,C17
,,,,,,,,,I63313,,,,,,M05319,,,,,,,,J673,,,,,B020,C170
,,,,,,,,,I63319,,,,,,M0532,,,,,,,,J674,,,,,B022,C171
,,,,,,,,,I6332,,,,,,M05321,,,,,,,,J675,,,,,B023,C172
,,,,,,,,,I63321,,,,,,M05322,,,,,,,,J676,,,,,B028,C173
,,,,,,,,,I63322,,,,,,M05329,,,,,,,,J677,,,,,B029,C178
,,,,,,,,,I63323,,,,,,M0533,,,,,,,,J678,,,,,B07,C179
,,,,,,,,,I63329,,,,,,M05331,,,,,,,,J679,,,,,B081,C18
,,,,,,,,,I6333,,,,,,M05332,,,,,,,,J68,,,,,B088,C180
,,,,,,,,,I63331,,,,,,M05339,,,,,,,,J680,,,,,B09,C181
,,,,,,,,,I63332,,,,,,M0534,,,,,,,,J681,,,,,B159,C182
,,,,,,,,,I63333,,,,,,M05341,,,,,,,,J682,,,,,B169,C183
,,,,,,,,,I63339,,,,,,M05342,,,,,,,,J683,,,,,B171,C184
,,,,,,,,,I6334,,,,,,M05349,,,,,,,,J684,,,,,B172,C185
,,,,,,,,,I63341,,,,,,M0535,,,,,,,,J688,,,,,B179,C186
,,,,,,,,,I63342,,,,,,M05351,,,,,,,,J689,,,,,B181,C187
,,,,,,,,,I63343,,,,,,M05352,,,,,,,,J69,,,,,B182,C188
,,,,,,,,,I63349,,,,,,M05359,,,,,,,,J690,,,,,B199,C189
,,,,,,,,,I6339,,,,,,M0536,,,,,,,,J691,,,,,B206,C19
,,,,,,,,,I634,,,,,,M05361,,,,,,,,J698,,,,,B250,C20
,,,,,,,,,I6340,,,,,,M05362,,,,,,,,J70,,,,,B258,C21
,,,,,,,,,I6341,,,,,,M05369,,,,,,,,J700,,,,,B259,C210
,,,,,,,,,I63411,,,,,,M0537,,,,,,,,J701,,,,,B270,C211
,,,,,,,,,I63412,,,,,,M05371,,,,,,,,J702,,,,,B303,C212
,,,,,,,,,I63413,,,,,,M05372,,,,,,,,J703,,,,,B348,C218
,,,,,,,,,I63419,,,,,,M05379,,,,,,,,J704,,,,,B349,C22
,,,,,,,,,I6342,,,,,,M0539,,,,,,,,J705,,,,,B351,C220
,,,,,,,,,I63421,,,,,,M054,,,,,,,,J708,,,,,B353,C221
,,,,,,,,,I63422,,,,,,M0540,,,,,,,,J709,,,,,B356,C222
,,,,,,,,,I63423,,,,,,M0541,,,,,,,,,,,,,B369,C223
,,,,,,,,,I63429,,,,,,M05411,,,,,,,,,,,,,B370,C224
,,,,,,,,,I6343,,,,,,M05412,,,,,,,,,,,,,B371,C227
,,,,,,,,,I63431,,,,,,M05419,,,,,,,,,,,,,B372,C228
,,,,,,,,,I63432,,,,,,M0542,,,,,,,,,,,,,B373,C229
,,,,,,,,,I63433,,,,,,M05421,,,,,,,,,,,,,B374,C23
,,,,,,,,,I63439,,,,,,M05422,,,,,,,,,,,,,B377,C24
,,,,,,,,,I6344,,,,,,M05429,,,,,,,,,,,,,B378,C240
,,,,,,,,,I63441,,,,,,M0543,,,,,,,,,,,,,B379,C241
,,,,,,,,,I63442,,,,,,M05431,,,,,,,,,,,,,B440,C248
,,,,,,,,,I63443,,,,,,M05432,,,,,,,,,,,,,B441,C249
,,,,,,,,,I63449,,,,,,M05439,,,,,,,,,,,,,B448,C25
,,,,,,,,,I6349,,,,,,M0544,,,,,,,,,,,,,B449,C250
,,,,,,,,,I635,,,,,,M05441,,,,,,,,,,,,,B479,C251
,,,,,,,,,I6350,,,,,,M05442,,,,,,,,,,,,,B49,C252
,,,,,,,,,I6351,,,,,,M05449,,,,,,,,,,,,,B509,C253
,,,,,,,,,I63511,,,,,,M0545,,,,,,,,,,,,,B519,C254
,,,,,,,,,I63512,,,,,,M05451,,,,,,,,,,,,,B54,C257
,,,,,,,,,I63513,,,,,,M05452,,,,,,,,,,,,,B552,C258
,,,,,,,,,I63519,,,,,,M05459,,,,,,,,,,,,,B59,C259
,,,,,,,,,I6352,,,,,,M0546,,,,,,,,,,,,,B820,C26
,,,,,,,,,I63521,,,,,,M05461,,,,,,,,,,,,,B839,C260
,,,,,,,,,I63522,,,,,,M05462,,,,,,,,,,,,,B86,C261
,,,,,,,,,I63523,,,,,,M05469,,,,,,,,,,,,,B956,C268
,,,,,,,,,I63529,,,,,,M0547,,,,,,,,,,,,,B965,C269
,,,,,,,,,I6353,,,,,,M05471,,,,,,,,,,,,,B968,C30
,,,,,,,,,I63531,,,,,,M05472,,,,,,,,,,,,,B99,C300
,,,,,,,,,I63532,,,,,,M05479,,,,,,,,,,,,,,C301
,,,,,,,,,I63533,,,,,,M0549,,,,,,,,,,,,,,C31
,,,,,,,,,I63539,,,,,,M055,,,,,,,,,,,,,,C310
,,,,,,,,,I6354,,,,,,M0550,,,,,,,,,,,,,,C311
,,,,,,,,,I63541,,,,,,M0551,,,,,,,,,,,,,,C312
,,,,,,,,,I63542,,,,,,M05511,,,,,,,,,,,,,,C313
,,,,,,,,,I63543,,,,,,M05512,,,,,,,,,,,,,,C318
,,,,,,,,,I63549,,,,,,M05519,,,,,,,,,,,,,,C319
,,,,,,,,,I6359,,,,,,M0552,,,,,,,,,,,,,,C32
,,,,,,,,,I636,,,,,,M05521,,,,,,,,,,,,,,C320
,,,,,,,,,I638,,,,,,M05522,,,,,,,,,,,,,,C321
,,,,,,,,,I6381,,,,,,M05529,,,,,,,,,,,,,,C322
,,,,,,,,,I6389,,,,,,M0553,,,,,,,,,,,,,,C323
,,,,,,,,,I639,,,,,,M05531,,,,,,,,,,,,,,C328
,,,,,,,,,I65,,,,,,M05532,,,,,,,,,,,,,,C329
,,,,,,,,,I650,,,,,,M05539,,,,,,,,,,,,,,C33
,,,,,,,,,I6501,,,,,,M0554,,,,,,,,,,,,,,C34
,,,,,,,,,I6502,,,,,,M05541,,,,,,,,,,,,,,C340
,,,,,,,,,I6503,,,,,,M05542,,,,,,,,,,,,,,C3400
,,,,,,,,,I6509,,,,,,M05549,,,,,,,,,,,,,,C3401
,,,,,,,,,I651,,,,,,M0555,,,,,,,,,,,,,,C3402
,,,,,,,,,I652,,,,,,M05551,,,,,,,,,,,,,,C341
,,,,,,,,,I6521,,,,,,M05552,,,,,,,,,,,,,,C3410
,,,,,,,,,I6522,,,,,,M05559,,,,,,,,,,,,,,C3411
,,,,,,,,,I6523,,,,,,M0556,,,,,,,,,,,,,,C3412
,,,,,,,,,I6529,,,,,,M05561,,,,,,,,,,,,,,C342
,,,,,,,,,I658,,,,,,M05562,,,,,,,,,,,,,,C343
,,,,,,,,,I659,,,,,,M05569,,,,,,,,,,,,,,C3430
,,,,,,,,,I66,,,,,,M0557,,,,,,,,,,,,,,C3431
,,,,,,,,,I660,,,,,,M05571,,,,,,,,,,,,,,C3432
,,,,,,,,,I6601,,,,,,M05572,,,,,,,,,,,,,,C348
,,,,,,,,,I6602,,,,,,M05579,,,,,,,,,,,,,,C3480
,,,,,,,,,I6603,,,,,,M0559,,,,,,,,,,,,,,C3481
,,,,,,,,,I6609,,,,,,M056,,,,,,,,,,,,,,C3482
,,,,,,,,,I661,,,,,,M0560,,,,,,,,,,,,,,C349
,,,,,,,,,I6611,,,,,,M0561,,,,,,,,,,,,,,C3490
,,,,,,,,,I6612,,,,,,M05611,,,,,,,,,,,,,,C3491
,,,,,,,,,I6613,,,,,,M05612,,,,,,,,,,,,,,C3492
,,,,,,,,,I6619,,,,,,M05619,,,,,,,,,,,,,,C37
,,,,,,,,,I662,,,,,,M0562,,,,,,,,,,,,,,C38
,,,,,,,,,I6621,,,,,,M05621,,,,,,,,,,,,,,C380
,,,,,,,,,I6622,,,,,,M05622,,,,,,,,,,,,,,C381
,,,,,,,,,I6623,,,,,,M05629,,,,,,,,,,,,,,C382
,,,,,,,,,I6629,,,,,,M0563,,,,,,,,,,,,,,C383
,,,,,,,,,I663,,,,,,M05631,,,,,,,,,,,,,,C384
,,,,,,,,,I668,,,,,,M05632,,,,,,,,,,,,,,C388
,,,,,,,,,I669,,,,,,M05639,,,,,,,,,,,,,,C39
,,,,,,,,,I67,,,,,,M0564,,,,,,,,,,,,,,C390
,,,,,,,,,I670,,,,,,M05641,,,,,,,,,,,,,,C399
,,,,,,,,,I671,,,,,,M05642,,,,,,,,,,,,,,C40
,,,,,,,,,I672,,,,,,M05649,,,,,,,,,,,,,,C400
,,,,,,,,,I673,,,,,,M0565,,,,,,,,,,,,,,C4000
,,,,,,,,,I674,,,,,,M05651,,,,,,,,,,,,,,C4001
,,,,,,,,,I675,,,,,,M05652,,,,,,,,,,,,,,C4002
,,,,,,,,,I676,,,,,,M05659,,,,,,,,,,,,,,C401
,,,,,,,,,I677,,,,,,M0566,,,,,,,,,,,,,,C4010
,,,,,,,,,I678,,,,,,M05661,,,,,,,,,,,,,,C4011
,,,,,,,,,I6781,,,,,,M05662,,,,,,,,,,,,,,C4012
,,,,,,,,,I6782,,,,,,M05669,,,,,,,,,,,,,,C402
,,,,,,,,,I6783,,,,,,M0567,,,,,,,,,,,,,,C4020
,,,,,,,,,I6784,,,,,,M05671,,,,,,,,,,,,,,C4021
,,,,,,,,,I67841,,,,,,M05672,,,,,,,,,,,,,,C4022
,,,,,,,,,I67848,,,,,,M05679,,,,,,,,,,,,,,C403
,,,,,,,,,I6785,,,,,,M0569,,,,,,,,,,,,,,C4030
,,,,,,,,,I67850,,,,,,M057,,,,,,,,,,,,,,C4031
,,,,,,,,,I67858,,,,,,M0570,,,,,,,,,,,,,,C4032
,,,,,,,,,I6789,,,,,,M0571,,,,,,,,,,,,,,C408
,,,,,,,,,I679,,,,,,M05711,,,,,,,,,,,,,,C4080
,,,,,,,,,I68,,,,,,M05712,,,,,,,,,,,,,,C4081
,,,,,,,,,I680,,,,,,M05719,,,,,,,,,,,,,,C4082
,,,,,,,,,I682,,,,,,M0572,,,,,,,,,,,,,,C409
,,,,,,,,,I688,,,,,,M05721,,,,,,,,,,,,,,C4090
,,,,,,,,,I69,,,,,,M05722,,,,,,,,,,,,,,C4091
,,,,,,,,,I690,,,,,,M05729,,,,,,,,,,,,,,C4092
,,,,,,,,,I6900,,,,,,M0573,,,,,,,,,,,,,,C41
,,,,,,,,,I6901,,,,,,M05731,,,,,,,,,,,,,,C410
,,,,,,,,,I69010,,,,,,M05732,,,,,,,,,,,,,,C411
,,,,,,,,,I69011,,,,,,M05739,,,,,,,,,,,,,,C412
,,,,,,,,,I69012,,,,,,M0574,,,,,,,,,,,,,,C413
,,,,,,,,,I69013,,,,,,M05741,,,,,,,,,,,,,,C414
,,,,,,,,,I69014,,,,,,M05742,,,,,,,,,,,,,,C419
,,,,,,,,,I69015,,,,,,M05749,,,,,,,,,,,,,,C43
,,,,,,,,,I69018,,,,,,M0575,,,,,,,,,,,,,,C430
,,,,,,,,,I69019,,,,,,M05751,,,,,,,,,,,,,,C431
,,,,,,,,,I6902,,,,,,M05752,,,,,,,,,,,,,,C4310
,,,,,,,,,I69020,,,,,,M05759,,,,,,,,,,,,,,C4311
,,,,,,,,,I69021,,,,,,M0576,,,,,,,,,,,,,,C43111
,,,,,,,,,I69022,,,,,,M05761,,,,,,,,,,,,,,C43112
,,,,,,,,,I69023,,,,,,M05762,,,,,,,,,,,,,,C4312
,,,,,,,,,I69028,,,,,,M05769,,,,,,,,,,,,,,C43121
,,,,,,,,,I6903,,,,,,M0577,,,,,,,,,,,,,,C43122
,,,,,,,,,I69031,,,,,,M05771,,,,,,,,,,,,,,C432
,,,,,,,,,I69032,,,,,,M05772,,,,,,,,,,,,,,C4320
,,,,,,,,,I69033,,,,,,M05779,,,,,,,,,,,,,,C4321
,,,,,,,,,I69034,,,,,,M0579,,,,,,,,,,,,,,C4322
,,,,,,,,,I69039,,,,,,M057A,,,,,,,,,,,,,,C433
,,,,,,,,,I6904,,,,,,M058,,,,,,,,,,,,,,C4330
,,,,,,,,,I69041,,,,,,M0580,,,,,,,,,,,,,,C4331
,,,,,,,,,I69042,,,,,,M0581,,,,,,,,,,,,,,C4339
,,,,,,,,,I69043,,,,,,M05811,,,,,,,,,,,,,,C434
,,,,,,,,,I69044,,,,,,M05812,,,,,,,,,,,,,,C435
,,,,,,,,,I69049,,,,,,M05819,,,,,,,,,,,,,,C4351
,,,,,,,,,I6905,,,,,,M0582,,,,,,,,,,,,,,C4352
,,,,,,,,,I69051,,,,,,M05821,,,,,,,,,,,,,,C4359
,,,,,,,,,I69052,,,,,,M05822,,,,,,,,,,,,,,C436
,,,,,,,,,I69053,,,,,,M05829,,,,,,,,,,,,,,C4360
,,,,,,,,,I69054,,,,,,M0583,,,,,,,,,,,,,,C4361
,,,,,,,,,I69059,,,,,,M05831,,,,,,,,,,,,,,C4362
,,,,,,,,,I6906,,,,,,M05832,,,,,,,,,,,,,,C437
,,,,,,,,,I69061,,,,,,M05839,,,,,,,,,,,,,,C4370
,,,,,,,,,I69062,,,,,,M0584,,,,,,,,,,,,,,C4371
,,,,,,,,,I69063,,,,,,M05841,,,,,,,,,,,,,,C4372
,,,,,,,,,I69064,,,,,,M05842,,,,,,,,,,,,,,C438
,,,,,,,,,I69065,,,,,,M05849,,,,,,,,,,,,,,C439
,,,,,,,,,I69069,,,,,,M0585,,,,,,,,,,,,,,C44
,,,,,,,,,I6909,,,,,,M05851,,,,,,,,,,,,,,C440
,,,,,,,,,I69090,,,,,,M05852,,,,,,,,,,,,,,C4400
,,,,,,,,,I69091,,,,,,M05859,,,,,,,,,,,,,,C4401
,,,,,,,,,I69092,,,,,,M0586,,,,,,,,,,,,,,C4402
,,,,,,,,,I69093,,,,,,M05861,,,,,,,,,,,,,,C4409
,,,,,,,,,I69098,,,,,,M05862,,,,,,,,,,,,,,C441
,,,,,,,,,I691,,,,,,M05869,,,,,,,,,,,,,,C4410
,,,,,,,,,I6910,,,,,,M0587,,,,,,,,,,,,,,C44101
,,,,,,,,,I6911,,,,,,M05871,,,,,,,,,,,,,,C44102
,,,,,,,,,I69110,,,,,,M05872,,,,,,,,,,,,,,C441021
,,,,,,,,,I69111,,,,,,M05879,,,,,,,,,,,,,,C441022
,,,,,,,,,I69112,,,,,,M0589,,,,,,,,,,,,,,C44109
,,,,,,,,,I69113,,,,,,M058A,,,,,,,,,,,,,,C441091
,,,,,,,,,I69114,,,,,,M059,,,,,,,,,,,,,,C441092
,,,,,,,,,I69115,,,,,,M320,,,,,,,,,,,,,,C4411
,,,,,,,,,I69118,,,,,,M321,,,,,,,,,,,,,,C44111
,,,,,,,,,I69119,,,,,,M3210,,,,,,,,,,,,,,C44112
,,,,,,,,,I6912,,,,,,M3211,,,,,,,,,,,,,,C441121
,,,,,,,,,I69120,,,,,,M3212,,,,,,,,,,,,,,C441122
,,,,,,,,,I69121,,,,,,M3213,,,,,,,,,,,,,,C44119
,,,,,,,,,I69122,,,,,,M3214,,,,,,,,,,,,,,C441191
,,,,,,,,,I69123,,,,,,M3215,,,,,,,,,,,,,,C441192
,,,,,,,,,I69128,,,,,,M3219,,,,,,,,,,,,,,C4412
,,,,,,,,,I6913,,,,,,M328,,,,,,,,,,,,,,C44121
,,,,,,,,,I69131,,,,,,M329,,,,,,,,,,,,,,C44122
,,,,,,,,,I69132,,,,,,M34,,,,,,,,,,,,,,C441221
,,,,,,,,,I69133,,,,,,M340,,,,,,,,,,,,,,C441222
,,,,,,,,,I69134,,,,,,M341,,,,,,,,,,,,,,C44129
,,,,,,,,,I69139,,,,,,M342,,,,,,,,,,,,,,C441291
,,,,,,,,,I6914,,,,,,M348,,,,,,,,,,,,,,C441292
,,,,,,,,,I69141,,,,,,M3481,,,,,,,,,,,,,,C4413
,,,,,,,,,I69142,,,,,,M3482,,,,,,,,,,,,,,C44131
,,,,,,,,,I69143,,,,,,M3483,,,,,,,,,,,,,,C44132
,,,,,,,,,I69144,,,,,,M3489,,,,,,,,,,,,,,C441321
,,,,,,,,,I69149,,,,,,M349,,,,,,,,,,,,,,C441322
,,,,,,,,,I6915,,,,,,,,,,,,,,,,,,,,C44139
,,,,,,,,,I69151,,,,,,,,,,,,,,,,,,,,C441391
,,,,,,,,,I69152,,,,,,,,,,,,,,,,,,,,C441392
,,,,,,,,,I69153,,,,,,,,,,,,,,,,,,,,C4419
,,,,,,,,,I69154,,,,,,,,,,,,,,,,,,,,C44191
,,,,,,,,,I69159,,,,,,,,,,,,,,,,,,,,C44192
,,,,,,,,,I6916,,,,,,,,,,,,,,,,,,,,C441921
,,,,,,,,,I69161,,,,,,,,,,,,,,,,,,,,C441922
,,,,,,,,,I69162,,,,,,,,,,,,,,,,,,,,C44199
,,,,,,,,,I69163,,,,,,,,,,,,,,,,,,,,C441991
,,,,,,,,,I69164,,,,,,,,,,,,,,,,,,,,C441992
,,,,,,,,,I69165,,,,,,,,,,,,,,,,,,,,C442
,,,,,,,,,I69169,,,,,,,,,,,,,,,,,,,,C4420
,,,,,,,,,I6919,,,,,,,,,,,,,,,,,,,,C44201
,,,,,,,,,I69190,,,,,,,,,,,,,,,,,,,,C44202
,,,,,,,,,I69191,,,,,,,,,,,,,,,,,,,,C44209
,,,,,,,,,I69192,,,,,,,,,,,,,,,,,,,,C4421
,,,,,,,,,I69193,,,,,,,,,,,,,,,,,,,,C44211
,,,,,,,,,I69198,,,,,,,,,,,,,,,,,,,,C44212
,,,,,,,,,I692,,,,,,,,,,,,,,,,,,,,C44219
,,,,,,,,,I6920,,,,,,,,,,,,,,,,,,,,C4422
,,,,,,,,,I6921,,,,,,,,,,,,,,,,,,,,C44221
,,,,,,,,,I69210,,,,,,,,,,,,,,,,,,,,C44222
,,,,,,,,,I69211,,,,,,,,,,,,,,,,,,,,C44229
,,,,,,,,,I69212,,,,,,,,,,,,,,,,,,,,C4429
,,,,,,,,,I69213,,,,,,,,,,,,,,,,,,,,C44291
,,,,,,,,,I69214,,,,,,,,,,,,,,,,,,,,C44292
,,,,,,,,,I69215,,,,,,,,,,,,,,,,,,,,C44299
,,,,,,,,,I69218,,,,,,,,,,,,,,,,,,,,C443
,,,,,,,,,I69219,,,,,,,,,,,,,,,,,,,,C4430
,,,,,,,,,I6922,,,,,,,,,,,,,,,,,,,,C44300
,,,,,,,,,I69220,,,,,,,,,,,,,,,,,,,,C44301
,,,,,,,,,I69221,,,,,,,,,,,,,,,,,,,,C44309
,,,,,,,,,I69222,,,,,,,,,,,,,,,,,,,,C4431
,,,,,,,,,I69223,,,,,,,,,,,,,,,,,,,,C44310
,,,,,,,,,I69228,,,,,,,,,,,,,,,,,,,,C44311
,,,,,,,,,I6923,,,,,,,,,,,,,,,,,,,,C44319
,,,,,,,,,I69231,,,,,,,,,,,,,,,,,,,,C4432
,,,,,,,,,I69232,,,,,,,,,,,,,,,,,,,,C44320
,,,,,,,,,I69233,,,,,,,,,,,,,,,,,,,,C44321
,,,,,,,,,I69234,,,,,,,,,,,,,,,,,,,,C44329
,,,,,,,,,I69239,,,,,,,,,,,,,,,,,,,,C4439
,,,,,,,,,I6924,,,,,,,,,,,,,,,,,,,,C44390
,,,,,,,,,I69241,,,,,,,,,,,,,,,,,,,,C44391
,,,,,,,,,I69242,,,,,,,,,,,,,,,,,,,,C44399
,,,,,,,,,I69243,,,,,,,,,,,,,,,,,,,,C444
,,,,,,,,,I69244,,,,,,,,,,,,,,,,,,,,C4440
,,,,,,,,,I69249,,,,,,,,,,,,,,,,,,,,C4441
,,,,,,,,,I6925,,,,,,,,,,,,,,,,,,,,C4442
,,,,,,,,,I69251,,,,,,,,,,,,,,,,,,,,C4449
,,,,,,,,,I69252,,,,,,,,,,,,,,,,,,,,C445
,,,,,,,,,I69253,,,,,,,,,,,,,,,,,,,,C4450
,,,,,,,,,I69254,,,,,,,,,,,,,,,,,,,,C44500
,,,,,,,,,I69259,,,,,,,,,,,,,,,,,,,,C44501
,,,,,,,,,I6926,,,,,,,,,,,,,,,,,,,,C44509
,,,,,,,,,I69261,,,,,,,,,,,,,,,,,,,,C4451
,,,,,,,,,I69262,,,,,,,,,,,,,,,,,,,,C44510
,,,,,,,,,I69263,,,,,,,,,,,,,,,,,,,,C44511
,,,,,,,,,I69264,,,,,,,,,,,,,,,,,,,,C44519
,,,,,,,,,I69265,,,,,,,,,,,,,,,,,,,,C4452
,,,,,,,,,I69269,,,,,,,,,,,,,,,,,,,,C44520
,,,,,,,,,I6929,,,,,,,,,,,,,,,,,,,,C44521
,,,,,,,,,I69290,,,,,,,,,,,,,,,,,,,,C44529
,,,,,,,,,I69291,,,,,,,,,,,,,,,,,,,,C4459
,,,,,,,,,I69292,,,,,,,,,,,,,,,,,,,,C44590
,,,,,,,,,I69293,,,,,,,,,,,,,,,,,,,,C44591
,,,,,,,,,I69298,,,,,,,,,,,,,,,,,,,,C44599
,,,,,,,,,I693,,,,,,,,,,,,,,,,,,,,C446
,,,,,,,,,I6930,,,,,,,,,,,,,,,,,,,,C4460
,,,,,,,,,I6931,,,,,,,,,,,,,,,,,,,,C44601
,,,,,,,,,I69310,,,,,,,,,,,,,,,,,,,,C44602
,,,,,,,,,I69311,,,,,,,,,,,,,,,,,,,,C44609
,,,,,,,,,I69312,,,,,,,,,,,,,,,,,,,,C4461
,,,,,,,,,I69313,,,,,,,,,,,,,,,,,,,,C44611
,,,,,,,,,I69314,,,,,,,,,,,,,,,,,,,,C44612
,,,,,,,,,I69315,,,,,,,,,,,,,,,,,,,,C44619
,,,,,,,,,I69318,,,,,,,,,,,,,,,,,,,,C4462
,,,,,,,,,I69319,,,,,,,,,,,,,,,,,,,,C44621
,,,,,,,,,I6932,,,,,,,,,,,,,,,,,,,,C44622
,,,,,,,,,I69320,,,,,,,,,,,,,,,,,,,,C44629
,,,,,,,,,I69321,,,,,,,,,,,,,,,,,,,,C4469
,,,,,,,,,I69322,,,,,,,,,,,,,,,,,,,,C44691
,,,,,,,,,I69323,,,,,,,,,,,,,,,,,,,,C44692
,,,,,,,,,I69328,,,,,,,,,,,,,,,,,,,,C44699
,,,,,,,,,I6933,,,,,,,,,,,,,,,,,,,,C447
,,,,,,,,,I69331,,,,,,,,,,,,,,,,,,,,C4470
,,,,,,,,,I69332,,,,,,,,,,,,,,,,,,,,C44701
,,,,,,,,,I69333,,,,,,,,,,,,,,,,,,,,C44702
,,,,,,,,,I69334,,,,,,,,,,,,,,,,,,,,C44709
,,,,,,,,,I69339,,,,,,,,,,,,,,,,,,,,C4471
,,,,,,,,,I6934,,,,,,,,,,,,,,,,,,,,C44711
,,,,,,,,,I69341,,,,,,,,,,,,,,,,,,,,C44712
,,,,,,,,,I69342,,,,,,,,,,,,,,,,,,,,C44719
,,,,,,,,,I69343,,,,,,,,,,,,,,,,,,,,C4472
,,,,,,,,,I69344,,,,,,,,,,,,,,,,,,,,C44721
,,,,,,,,,I69349,,,,,,,,,,,,,,,,,,,,C44722
,,,,,,,,,I6935,,,,,,,,,,,,,,,,,,,,C44729
,,,,,,,,,I69351,,,,,,,,,,,,,,,,,,,,C4479
,,,,,,,,,I69352,,,,,,,,,,,,,,,,,,,,C44791
,,,,,,,,,I69353,,,,,,,,,,,,,,,,,,,,C44792
,,,,,,,,,I69354,,,,,,,,,,,,,,,,,,,,C44799
,,,,,,,,,I69359,,,,,,,,,,,,,,,,,,,,C448
,,,,,,,,,I6936,,,,,,,,,,,,,,,,,,,,C4480
,,,,,,,,,I69361,,,,,,,,,,,,,,,,,,,,C4481
,,,,,,,,,I69362,,,,,,,,,,,,,,,,,,,,C4482
,,,,,,,,,I69363,,,,,,,,,,,,,,,,,,,,C4489
,,,,,,,,,I69364,,,,,,,,,,,,,,,,,,,,C449
,,,,,,,,,I69365,,,,,,,,,,,,,,,,,,,,C4490
,,,,,,,,,I69369,,,,,,,,,,,,,,,,,,,,C4491
,,,,,,,,,I6939,,,,,,,,,,,,,,,,,,,,C4492
,,,,,,,,,I69390,,,,,,,,,,,,,,,,,,,,C4499
,,,,,,,,,I69391,,,,,,,,,,,,,,,,,,,,C45
,,,,,,,,,I69392,,,,,,,,,,,,,,,,,,,,C450
,,,,,,,,,I69393,,,,,,,,,,,,,,,,,,,,C451
,,,,,,,,,I69398,,,,,,,,,,,,,,,,,,,,C452
,,,,,,,,,I698,,,,,,,,,,,,,,,,,,,,C457
,,,,,,,,,I6980,,,,,,,,,,,,,,,,,,,,C459
,,,,,,,,,I6981,,,,,,,,,,,,,,,,,,,,C46
,,,,,,,,,I69810,,,,,,,,,,,,,,,,,,,,C460
,,,,,,,,,I69811,,,,,,,,,,,,,,,,,,,,C461
,,,,,,,,,I69812,,,,,,,,,,,,,,,,,,,,C462
,,,,,,,,,I69813,,,,,,,,,,,,,,,,,,,,C463
,,,,,,,,,I69814,,,,,,,,,,,,,,,,,,,,C464
,,,,,,,,,I69815,,,,,,,,,,,,,,,,,,,,C465
,,,,,,,,,I69818,,,,,,,,,,,,,,,,,,,,C4650
,,,,,,,,,I69819,,,,,,,,,,,,,,,,,,,,C4651
,,,,,,,,,I6982,,,,,,,,,,,,,,,,,,,,C4652
,,,,,,,,,I69820,,,,,,,,,,,,,,,,,,,,C467
,,,,,,,,,I69821,,,,,,,,,,,,,,,,,,,,C469
,,,,,,,,,I69822,,,,,,,,,,,,,,,,,,,,C47
,,,,,,,,,I69823,,,,,,,,,,,,,,,,,,,,C470
,,,,,,,,,I69828,,,,,,,,,,,,,,,,,,,,C471
,,,,,,,,,I6983,,,,,,,,,,,,,,,,,,,,C4710
,,,,,,,,,I69831,,,,,,,,,,,,,,,,,,,,C4711
,,,,,,,,,I69832,,,,,,,,,,,,,,,,,,,,C4712
,,,,,,,,,I69833,,,,,,,,,,,,,,,,,,,,C472
,,,,,,,,,I69834,,,,,,,,,,,,,,,,,,,,C4720
,,,,,,,,,I69839,,,,,,,,,,,,,,,,,,,,C4721
,,,,,,,,,I6984,,,,,,,,,,,,,,,,,,,,C4722
,,,,,,,,,I69841,,,,,,,,,,,,,,,,,,,,C473
,,,,,,,,,I69842,,,,,,,,,,,,,,,,,,,,C474
,,,,,,,,,I69843,,,,,,,,,,,,,,,,,,,,C475
,,,,,,,,,I69844,,,,,,,,,,,,,,,,,,,,C476
,,,,,,,,,I69849,,,,,,,,,,,,,,,,,,,,C478
,,,,,,,,,I6985,,,,,,,,,,,,,,,,,,,,C479
,,,,,,,,,I69851,,,,,,,,,,,,,,,,,,,,C48
,,,,,,,,,I69852,,,,,,,,,,,,,,,,,,,,C480
,,,,,,,,,I69853,,,,,,,,,,,,,,,,,,,,C481
,,,,,,,,,I69854,,,,,,,,,,,,,,,,,,,,C482
,,,,,,,,,I69859,,,,,,,,,,,,,,,,,,,,C488
,,,,,,,,,I6986,,,,,,,,,,,,,,,,,,,,C49
,,,,,,,,,I69861,,,,,,,,,,,,,,,,,,,,C490
,,,,,,,,,I69862,,,,,,,,,,,,,,,,,,,,C491
,,,,,,,,,I69863,,,,,,,,,,,,,,,,,,,,C4910
,,,,,,,,,I69864,,,,,,,,,,,,,,,,,,,,C4911
,,,,,,,,,I69865,,,,,,,,,,,,,,,,,,,,C4912
,,,,,,,,,I69869,,,,,,,,,,,,,,,,,,,,C492
,,,,,,,,,I6989,,,,,,,,,,,,,,,,,,,,C4920
,,,,,,,,,I69890,,,,,,,,,,,,,,,,,,,,C4921
,,,,,,,,,I69891,,,,,,,,,,,,,,,,,,,,C4922
,,,,,,,,,I69892,,,,,,,,,,,,,,,,,,,,C493
,,,,,,,,,I69893,,,,,,,,,,,,,,,,,,,,C494
,,,,,,,,,I69898,,,,,,,,,,,,,,,,,,,,C495
,,,,,,,,,I699,,,,,,,,,,,,,,,,,,,,C496
,,,,,,,,,I6990,,,,,,,,,,,,,,,,,,,,C498
,,,,,,,,,I6991,,,,,,,,,,,,,,,,,,,,C499
,,,,,,,,,I69910,,,,,,,,,,,,,,,,,,,,C49A
,,,,,,,,,I69911,,,,,,,,,,,,,,,,,,,,C49A0
,,,,,,,,,I69912,,,,,,,,,,,,,,,,,,,,C49A1
,,,,,,,,,I69913,,,,,,,,,,,,,,,,,,,,C49A2
,,,,,,,,,I69914,,,,,,,,,,,,,,,,,,,,C49A3
,,,,,,,,,I69915,,,,,,,,,,,,,,,,,,,,C49A4
,,,,,,,,,I69918,,,,,,,,,,,,,,,,,,,,C49A5
,,,,,,,,,I69919,,,,,,,,,,,,,,,,,,,,C49A9
,,,,,,,,,I6992,,,,,,,,,,,,,,,,,,,,C4A
,,,,,,,,,I69920,,,,,,,,,,,,,,,,,,,,C4A0
,,,,,,,,,I69921,,,,,,,,,,,,,,,,,,,,C4A1
,,,,,,,,,I69922,,,,,,,,,,,,,,,,,,,,C4A10
,,,,,,,,,I69923,,,,,,,,,,,,,,,,,,,,C4A11
,,,,,,,,,I69928,,,,,,,,,,,,,,,,,,,,C4A111
,,,,,,,,,I6993,,,,,,,,,,,,,,,,,,,,C4A112
,,,,,,,,,I69931,,,,,,,,,,,,,,,,,,,,C4A12
,,,,,,,,,I69932,,,,,,,,,,,,,,,,,,,,C4A121
,,,,,,,,,I69933,,,,,,,,,,,,,,,,,,,,C4A122
,,,,,,,,,I69934,,,,,,,,,,,,,,,,,,,,C4A2
,,,,,,,,,I69939,,,,,,,,,,,,,,,,,,,,C4A20
,,,,,,,,,I6994,,,,,,,,,,,,,,,,,,,,C4A21
,,,,,,,,,I69941,,,,,,,,,,,,,,,,,,,,C4A22
,,,,,,,,,I69942,,,,,,,,,,,,,,,,,,,,C4A3
,,,,,,,,,I69943,,,,,,,,,,,,,,,,,,,,C4A30
,,,,,,,,,I69944,,,,,,,,,,,,,,,,,,,,C4A31
,,,,,,,,,I69949,,,,,,,,,,,,,,,,,,,,C4A39
,,,,,,,,,I6995,,,,,,,,,,,,,,,,,,,,C4A4
,,,,,,,,,I69951,,,,,,,,,,,,,,,,,,,,C4A5
,,,,,,,,,I69952,,,,,,,,,,,,,,,,,,,,C4A51
,,,,,,,,,I69953,,,,,,,,,,,,,,,,,,,,C4A52
,,,,,,,,,I69954,,,,,,,,,,,,,,,,,,,,C4A59
,,,,,,,,,I69959,,,,,,,,,,,,,,,,,,,,C4A6
,,,,,,,,,I6996,,,,,,,,,,,,,,,,,,,,C4A60
,,,,,,,,,I69961,,,,,,,,,,,,,,,,,,,,C4A61
,,,,,,,,,I69962,,,,,,,,,,,,,,,,,,,,C4A62
,,,,,,,,,I69963,,,,,,,,,,,,,,,,,,,,C4A7
,,,,,,,,,I69964,,,,,,,,,,,,,,,,,,,,C4A70
,,,,,,,,,I69965,,,,,,,,,,,,,,,,,,,,C4A71
,,,,,,,,,I69969,,,,,,,,,,,,,,,,,,,,C4A72
,,,,,,,,,I6999,,,,,,,,,,,,,,,,,,,,C4A8
,,,,,,,,,I69990,,,,,,,,,,,,,,,,,,,,C4A9
,,,,,,,,,I69991,,,,,,,,,,,,,,,,,,,,C50
,,,,,,,,,I69992,,,,,,,,,,,,,,,,,,,,C500
,,,,,,,,,I69993,,,,,,,,,,,,,,,,,,,,C5001
,,,,,,,,,I69998,,,,,,,,,,,,,,,,,,,,C50011
,,,,,,,,,G450,,,,,,,,,,,,,,,,,,,,C50012
,,,,,,,,,G451,,,,,,,,,,,,,,,,,,,,C50019
,,,,,,,,,G452,,,,,,,,,,,,,,,,,,,,C5002
,,,,,,,,,G454,,,,,,,,,,,,,,,,,,,,C50021
,,,,,,,,,G458,,,,,,,,,,,,,,,,,,,,C50022
,,,,,,,,,G459,,,,,,,,,,,,,,,,,,,,C50029
,,,,,,,,,,,,,,,,,,,,,,,,,,,,,C501
,,,,,,,,,,,,,,,,,,,,,,,,,,,,,C5011
,,,,,,,,,,,,,,,,,,,,,,,,,,,,,C50111
,,,,,,,,,,,,,,,,,,,,,,,,,,,,,C50112
,,,,,,,,,,,,,,,,,,,,,,,,,,,,,C50119
,,,,,,,,,,,,,,,,,,,,,,,,,,,,,C5012
,,,,,,,,,,,,,,,,,,,,,,,,,,,,,C50121
,,,,,,,,,,,,,,,,,,,,,,,,,,,,,C50122
,,,,,,,,,,,,,,,,,,,,,,,,,,,,,C50129
,,,,,,,,,,,,,,,,,,,,,,,,,,,,,C502
,,,,,,,,,,,,,,,,,,,,,,,,,,,,,C5021
,,,,,,,,,,,,,,,,,,,,,,,,,,,,,C50211
,,,,,,,,,,,,,,,,,,,,,,,,,,,,,C50212
,,,,,,,,,,,,,,,,,,,,,,,,,,,,,C50219
,,,,,,,,,,,,,,,,,,,,,,,,,,,,,C5022
,,,,,,,,,,,,,,,,,,,,,,,,,,,,,C50221
,,,,,,,,,,,,,,,,,,,,,,,,,,,,,C50222
,,,,,,,,,,,,,,,,,,,,,,,,,,,,,C50229
,,,,,,,,,,,,,,,,,,,,,,,,,,,,,C503
,,,,,,,,,,,,,,,,,,,,,,,,,,,,,C5031
,,,,,,,,,,,,,,,,,,,,,,,,,,,,,C50311
,,,,,,,,,,,,,,,,,,,,,,,,,,,,,C50312
,,,,,,,,,,,,,,,,,,,,,,,,,,,,,C50319
,,,,,,,,,,,,,,,,,,,,,,,,,,,,,C5032
,,,,,,,,,,,,,,,,,,,,,,,,,,,,,C50321
,,,,,,,,,,,,,,,,,,,,,,,,,,,,,C50322
,,,,,,,,,,,,,,,,,,,,,,,,,,,,,C50329
,,,,,,,,,,,,,,,,,,,,,,,,,,,,,C504
,,,,,,,,,,,,,,,,,,,,,,,,,,,,,C5041
,,,,,,,,,,,,,,,,,,,,,,,,,,,,,C50411
,,,,,,,,,,,,,,,,,,,,,,,,,,,,,C50412
,,,,,,,,,,,,,,,,,,,,,,,,,,,,,C50419
,,,,,,,,,,,,,,,,,,,,,,,,,,,,,C5042
,,,,,,,,,,,,,,,,,,,,,,,,,,,,,C50421
,,,,,,,,,,,,,,,,,,,,,,,,,,,,,C50422
,,,,,,,,,,,,,,,,,,,,,,,,,,,,,C50429
,,,,,,,,,,,,,,,,,,,,,,,,,,,,,C505
,,,,,,,,,,,,,,,,,,,,,,,,,,,,,C5051
,,,,,,,,,,,,,,,,,,,,,,,,,,,,,C50511
,,,,,,,,,,,,,,,,,,,,,,,,,,,,,C50512
,,,,,,,,,,,,,,,,,,,,,,,,,,,,,C50519
,,,,,,,,,,,,,,,,,,,,,,,,,,,,,C5052
,,,,,,,,,,,,,,,,,,,,,,,,,,,,,C50521
,,,,,,,,,,,,,,,,,,,,,,,,,,,,,C50522
,,,,,,,,,,,,,,,,,,,,,,,,,,,,,C50529
,,,,,,,,,,,,,,,,,,,,,,,,,,,,,C506
,,,,,,,,,,,,,,,,,,,,,,,,,,,,,C5061
,,,,,,,,,,,,,,,,,,,,,,,,,,,,,C50611
,,,,,,,,,,,,,,,,,,,,,,,,,,,,,C50612
,,,,,,,,,,,,,,,,,,,,,,,,,,,,,C50619
,,,,,,,,,,,,,,,,,,,,,,,,,,,,,C5062
,,,,,,,,,,,,,,,,,,,,,,,,,,,,,C50621
,,,,,,,,,,,,,,,,,,,,,,,,,,,,,C50622
,,,,,,,,,,,,,,,,,,,,,,,,,,,,,C50629
,,,,,,,,,,,,,,,,,,,,,,,,,,,,,C508
,,,,,,,,,,,,,,,,,,,,,,,,,,,,,C5081
,,,,,,,,,,,,,,,,,,,,,,,,,,,,,C50811
,,,,,,,,,,,,,,,,,,,,,,,,,,,,,C50812
,,,,,,,,,,,,,,,,,,,,,,,,,,,,,C50819
,,,,,,,,,,,,,,,,,,,,,,,,,,,,,C5082
,,,,,,,,,,,,,,,,,,,,,,,,,,,,,C50821
,,,,,,,,,,,,,,,,,,,,,,,,,,,,,C50822
,,,,,,,,,,,,,,,,,,,,,,,,,,,,,C50829
,,,,,,,,,,,,,,,,,,,,,,,,,,,,,C509
,,,,,,,,,,,,,,,,,,,,,,,,,,,,,C5091
,,,,,,,,,,,,,,,,,,,,,,,,,,,,,C50911
,,,,,,,,,,,,,,,,,,,,,,,,,,,,,C50912
,,,,,,,,,,,,,,,,,,,,,,,,,,,,,C50919
,,,,,,,,,,,,,,,,,,,,,,,,,,,,,C5092
,,,,,,,,,,,,,,,,,,,,,,,,,,,,,C50921
,,,,,,,,,,,,,,,,,,,,,,,,,,,,,C50922
,,,,,,,,,,,,,,,,,,,,,,,,,,,,,C50929
,,,,,,,,,,,,,,,,,,,,,,,,,,,,,C51
,,,,,,,,,,,,,,,,,,,,,,,,,,,,,C510
,,,,,,,,,,,,,,,,,,,,,,,,,,,,,C511
,,,,,,,,,,,,,,,,,,,,,,,,,,,,,C512
,,,,,,,,,,,,,,,,,,,,,,,,,,,,,C518
,,,,,,,,,,,,,,,,,,,,,,,,,,,,,C519
,,,,,,,,,,,,,,,,,,,,,,,,,,,,,C52
,,,,,,,,,,,,,,,,,,,,,,,,,,,,,C53
,,,,,,,,,,,,,,,,,,,,,,,,,,,,,C530
,,,,,,,,,,,,,,,,,,,,,,,,,,,,,C531
,,,,,,,,,,,,,,,,,,,,,,,,,,,,,C538
,,,,,,,,,,,,,,,,,,,,,,,,,,,,,C539
,,,,,,,,,,,,,,,,,,,,,,,,,,,,,C54
,,,,,,,,,,,,,,,,,,,,,,,,,,,,,C540
,,,,,,,,,,,,,,,,,,,,,,,,,,,,,C541
,,,,,,,,,,,,,,,,,,,,,,,,,,,,,C542
,,,,,,,,,,,,,,,,,,,,,,,,,,,,,C543
,,,,,,,,,,,,,,,,,,,,,,,,,,,,,C548
,,,,,,,,,,,,,,,,,,,,,,,,,,,,,C549
,,,,,,,,,,,,,,,,,,,,,,,,,,,,,C55
,,,,,,,,,,,,,,,,,,,,,,,,,,,,,C56
,,,,,,,,,,,,,,,,,,,,,,,,,,,,,C561
,,,,,,,,,,,,,,,,,,,,,,,,,,,,,C562
,,,,,,,,,,,,,,,,,,,,,,,,,,,,,C563
,,,,,,,,,,,,,,,,,,,,,,,,,,,,,C569
,,,,,,,,,,,,,,,,,,,,,,,,,,,,,C57
,,,,,,,,,,,,,,,,,,,,,,,,,,,,,C570
,,,,,,,,,,,,,,,,,,,,,,,,,,,,,C5700
,,,,,,,,,,,,,,,,,,,,,,,,,,,,,C5701
,,,,,,,,,,,,,,,,,,,,,,,,,,,,,C5702
,,,,,,,,,,,,,,,,,,,,,,,,,,,,,C571
,,,,,,,,,,,,,,,,,,,,,,,,,,,,,C5710
,,,,,,,,,,,,,,,,,,,,,,,,,,,,,C5711
,,,,,,,,,,,,,,,,,,,,,,,,,,,,,C5712
,,,,,,,,,,,,,,,,,,,,,,,,,,,,,C572
,,,,,,,,,,,,,,,,,,,,,,,,,,,,,C5720
,,,,,,,,,,,,,,,,,,,,,,,,,,,,,C5721
,,,,,,,,,,,,,,,,,,,,,,,,,,,,,C5722
,,,,,,,,,,,,,,,,,,,,,,,,,,,,,C573
,,,,,,,,,,,,,,,,,,,,,,,,,,,,,C574
,,,,,,,,,,,,,,,,,,,,,,,,,,,,,C577
,,,,,,,,,,,,,,,,,,,,,,,,,,,,,C578
,,,,,,,,,,,,,,,,,,,,,,,,,,,,,C579
,,,,,,,,,,,,,,,,,,,,,,,,,,,,,C58
,,,,,,,,,,,,,,,,,,,,,,,,,,,,,C60
,,,,,,,,,,,,,,,,,,,,,,,,,,,,,C600
,,,,,,,,,,,,,,,,,,,,,,,,,,,,,C601
,,,,,,,,,,,,,,,,,,,,,,,,,,,,,C602
,,,,,,,,,,,,,,,,,,,,,,,,,,,,,C608
,,,,,,,,,,,,,,,,,,,,,,,,,,,,,C609
,,,,,,,,,,,,,,,,,,,,,,,,,,,,,C61
,,,,,,,,,,,,,,,,,,,,,,,,,,,,,C62
,,,,,,,,,,,,,,,,,,,,,,,,,,,,,C620
,,,,,,,,,,,,,,,,,,,,,,,,,,,,,C6200
,,,,,,,,,,,,,,,,,,,,,,,,,,,,,C6201
,,,,,,,,,,,,,,,,,,,,,,,,,,,,,C6202
,,,,,,,,,,,,,,,,,,,,,,,,,,,,,C621
,,,,,,,,,,,,,,,,,,,,,,,,,,,,,C6210
,,,,,,,,,,,,,,,,,,,,,,,,,,,,,C6211
,,,,,,,,,,,,,,,,,,,,,,,,,,,,,C6212
,,,,,,,,,,,,,,,,,,,,,,,,,,,,,C629
,,,,,,,,,,,,,,,,,,,,,,,,,,,,,C6290
,,,,,,,,,,,,,,,,,,,,,,,,,,,,,C6291
,,,,,,,,,,,,,,,,,,,,,,,,,,,,,C6292
,,,,,,,,,,,,,,,,,,,,,,,,,,,,,C63
,,,,,,,,,,,,,,,,,,,,,,,,,,,,,C630
,,,,,,,,,,,,,,,,,,,,,,,,,,,,,C6300
,,,,,,,,,,,,,,,,,,,,,,,,,,,,,C6301
,,,,,,,,,,,,,,,,,,,,,,,,,,,,,C6302
,,,,,,,,,,,,,,,,,,,,,,,,,,,,,C631
,,,,,,,,,,,,,,,,,,,,,,,,,,,,,C6310
,,,,,,,,,,,,,,,,,,,,,,,,,,,,,C6311
,,,,,,,,,,,,,,,,,,,,,,,,,,,,,C6312
,,,,,,,,,,,,,,,,,,,,,,,,,,,,,C632
,,,,,,,,,,,,,,,,,,,,,,,,,,,,,C637
,,,,,,,,,,,,,,,,,,,,,,,,,,,,,C638
,,,,,,,,,,,,,,,,,,,,,,,,,,,,,C639
,,,,,,,,,,,,,,,,,,,,,,,,,,,,,C64
,,,,,,,,,,,,,,,,,,,,,,,,,,,,,C641
,,,,,,,,,,,,,,,,,,,,,,,,,,,,,C642
,,,,,,,,,,,,,,,,,,,,,,,,,,,,,C649
,,,,,,,,,,,,,,,,,,,,,,,,,,,,,C65
,,,,,,,,,,,,,,,,,,,,,,,,,,,,,C651
,,,,,,,,,,,,,,,,,,,,,,,,,,,,,C652
,,,,,,,,,,,,,,,,,,,,,,,,,,,,,C659
,,,,,,,,,,,,,,,,,,,,,,,,,,,,,C66
,,,,,,,,,,,,,,,,,,,,,,,,,,,,,C661
,,,,,,,,,,,,,,,,,,,,,,,,,,,,,C662
,,,,,,,,,,,,,,,,,,,,,,,,,,,,,C669
,,,,,,,,,,,,,,,,,,,,,,,,,,,,,C67
,,,,,,,,,,,,,,,,,,,,,,,,,,,,,C670
,,,,,,,,,,,,,,,,,,,,,,,,,,,,,C671
,,,,,,,,,,,,,,,,,,,,,,,,,,,,,C672
,,,,,,,,,,,,,,,,,,,,,,,,,,,,,C673
,,,,,,,,,,,,,,,,,,,,,,,,,,,,,C674
,,,,,,,,,,,,,,,,,,,,,,,,,,,,,C675
,,,,,,,,,,,,,,,,,,,,,,,,,,,,,C676
,,,,,,,,,,,,,,,,,,,,,,,,,,,,,C677
,,,,,,,,,,,,,,,,,,,,,,,,,,,,,C678
,,,,,,,,,,,,,,,,,,,,,,,,,,,,,C679
,,,,,,,,,,,,,,,,,,,,,,,,,,,,,C68
,,,,,,,,,,,,,,,,,,,,,,,,,,,,,C680
,,,,,,,,,,,,,,,,,,,,,,,,,,,,,C681
,,,,,,,,,,,,,,,,,,,,,,,,,,,,,C688
,,,,,,,,,,,,,,,,,,,,,,,,,,,,,C689
,,,,,,,,,,,,,,,,,,,,,,,,,,,,,C69
,,,,,,,,,,,,,,,,,,,,,,,,,,,,,C690
,,,,,,,,,,,,,,,,,,,,,,,,,,,,,C6900
,,,,,,,,,,,,,,,,,,,,,,,,,,,,,C6901
,,,,,,,,,,,,,,,,,,,,,,,,,,,,,C6902
,,,,,,,,,,,,,,,,,,,,,,,,,,,,,C691
,,,,,,,,,,,,,,,,,,,,,,,,,,,,,C6910
,,,,,,,,,,,,,,,,,,,,,,,,,,,,,C6911
,,,,,,,,,,,,,,,,,,,,,,,,,,,,,C6912
,,,,,,,,,,,,,,,,,,,,,,,,,,,,,C692
,,,,,,,,,,,,,,,,,,,,,,,,,,,,,C6920
,,,,,,,,,,,,,,,,,,,,,,,,,,,,,C6921
,,,,,,,,,,,,,,,,,,,,,,,,,,,,,C6922
,,,,,,,,,,,,,,,,,,,,,,,,,,,,,C693
,,,,,,,,,,,,,,,,,,,,,,,,,,,,,C6930
,,,,,,,,,,,,,,,,,,,,,,,,,,,,,C6931
,,,,,,,,,,,,,,,,,,,,,,,,,,,,,C6932
,,,,,,,,,,,,,,,,,,,,,,,,,,,,,C694
,,,,,,,,,,,,,,,,,,,,,,,,,,,,,C6940
,,,,,,,,,,,,,,,,,,,,,,,,,,,,,C6941
,,,,,,,,,,,,,,,,,,,,,,,,,,,,,C6942
,,,,,,,,,,,,,,,,,,,,,,,,,,,,,C695
,,,,,,,,,,,,,,,,,,,,,,,,,,,,,C6950
,,,,,,,,,,,,,,,,,,,,,,,,,,,,,C6951
,,,,,,,,,,,,,,,,,,,,,,,,,,,,,C6952
,,,,,,,,,,,,,,,,,,,,,,,,,,,,,C696
,,,,,,,,,,,,,,,,,,,,,,,,,,,,,C6960
,,,,,,,,,,,,,,,,,,,,,,,,,,,,,C6961
,,,,,,,,,,,,,,,,,,,,,,,,,,,,,C6962
,,,,,,,,,,,,,,,,,,,,,,,,,,,,,C698
,,,,,,,,,,,,,,,,,,,,,,,,,,,,,C6980
,,,,,,,,,,,,,,,,,,,,,,,,,,,,,C6981
,,,,,,,,,,,,,,,,,,,,,,,,,,,,,C6982
,,,,,,,,,,,,,,,,,,,,,,,,,,,,,C699
,,,,,,,,,,,,,,,,,,,,,,,,,,,,,C6990
,,,,,,,,,,,,,,,,,,,,,,,,,,,,,C6991
,,,,,,,,,,,,,,,,,,,,,,,,,,,,,C6992
,,,,,,,,,,,,,,,,,,,,,,,,,,,,,C70
,,,,,,,,,,,,,,,,,,,,,,,,,,,,,C700
,,,,,,,,,,,,,,,,,,,,,,,,,,,,,C701
,,,,,,,,,,,,,,,,,,,,,,,,,,,,,C709
,,,,,,,,,,,,,,,,,,,,,,,,,,,,,C71
,,,,,,,,,,,,,,,,,,,,,,,,,,,,,C710
,,,,,,,,,,,,,,,,,,,,,,,,,,,,,C711
,,,,,,,,,,,,,,,,,,,,,,,,,,,,,C712
,,,,,,,,,,,,,,,,,,,,,,,,,,,,,C713
,,,,,,,,,,,,,,,,,,,,,,,,,,,,,C714
,,,,,,,,,,,,,,,,,,,,,,,,,,,,,C715
,,,,,,,,,,,,,,,,,,,,,,,,,,,,,C716
,,,,,,,,,,,,,,,,,,,,,,,,,,,,,C717
,,,,,,,,,,,,,,,,,,,,,,,,,,,,,C718
,,,,,,,,,,,,,,,,,,,,,,,,,,,,,C719
,,,,,,,,,,,,,,,,,,,,,,,,,,,,,C72
,,,,,,,,,,,,,,,,,,,,,,,,,,,,,C720
,,,,,,,,,,,,,,,,,,,,,,,,,,,,,C721
,,,,,,,,,,,,,,,,,,,,,,,,,,,,,C722
,,,,,,,,,,,,,,,,,,,,,,,,,,,,,C7220
,,,,,,,,,,,,,,,,,,,,,,,,,,,,,C7221
,,,,,,,,,,,,,,,,,,,,,,,,,,,,,C7222
,,,,,,,,,,,,,,,,,,,,,,,,,,,,,C723
,,,,,,,,,,,,,,,,,,,,,,,,,,,,,C7230
,,,,,,,,,,,,,,,,,,,,,,,,,,,,,C7231
,,,,,,,,,,,,,,,,,,,,,,,,,,,,,C7232
,,,,,,,,,,,,,,,,,,,,,,,,,,,,,C724
,,,,,,,,,,,,,,,,,,,,,,,,,,,,,C7240
,,,,,,,,,,,,,,,,,,,,,,,,,,,,,C7241
,,,,,,,,,,,,,,,,,,,,,,,,,,,,,C7242
,,,,,,,,,,,,,,,,,,,,,,,,,,,,,C725
,,,,,,,,,,,,,,,,,,,,,,,,,,,,,C7250
,,,,,,,,,,,,,,,,,,,,,,,,,,,,,C7259
,,,,,,,,,,,,,,,,,,,,,,,,,,,,,C729
,,,,,,,,,,,,,,,,,,,,,,,,,,,,,C73
,,,,,,,,,,,,,,,,,,,,,,,,,,,,,C74
,,,,,,,,,,,,,,,,,,,,,,,,,,,,,C740
,,,,,,,,,,,,,,,,,,,,,,,,,,,,,C7400
,,,,,,,,,,,,,,,,,,,,,,,,,,,,,C7401
,,,,,,,,,,,,,,,,,,,,,,,,,,,,,C7402
,,,,,,,,,,,,,,,,,,,,,,,,,,,,,C741
,,,,,,,,,,,,,,,,,,,,,,,,,,,,,C7410
,,,,,,,,,,,,,,,,,,,,,,,,,,,,,C7411
,,,,,,,,,,,,,,,,,,,,,,,,,,,,,C7412
,,,,,,,,,,,,,,,,,,,,,,,,,,,,,C749
,,,,,,,,,,,,,,,,,,,,,,,,,,,,,C7490
,,,,,,,,,,,,,,,,,,,,,,,,,,,,,C7491
,,,,,,,,,,,,,,,,,,,,,,,,,,,,,C7492
,,,,,,,,,,,,,,,,,,,,,,,,,,,,,C75
,,,,,,,,,,,,,,,,,,,,,,,,,,,,,C750
,,,,,,,,,,,,,,,,,,,,,,,,,,,,,C751
,,,,,,,,,,,,,,,,,,,,,,,,,,,,,C752
,,,,,,,,,,,,,,,,,,,,,,,,,,,,,C753
,,,,,,,,,,,,,,,,,,,,,,,,,,,,,C754
,,,,,,,,,,,,,,,,,,,,,,,,,,,,,C755
,,,,,,,,,,,,,,,,,,,,,,,,,,,,,C758
,,,,,,,,,,,,,,,,,,,,,,,,,,,,,C759
,,,,,,,,,,,,,,,,,,,,,,,,,,,,,C76
,,,,,,,,,,,,,,,,,,,,,,,,,,,,,C760
,,,,,,,,,,,,,,,,,,,,,,,,,,,,,C761
,,,,,,,,,,,,,,,,,,,,,,,,,,,,,C762
,,,,,,,,,,,,,,,,,,,,,,,,,,,,,C763
,,,,,,,,,,,,,,,,,,,,,,,,,,,,,C764
,,,,,,,,,,,,,,,,,,,,,,,,,,,,,C7640
,,,,,,,,,,,,,,,,,,,,,,,,,,,,,C7641
,,,,,,,,,,,,,,,,,,,,,,,,,,,,,C7642
,,,,,,,,,,,,,,,,,,,,,,,,,,,,,C765
,,,,,,,,,,,,,,,,,,,,,,,,,,,,,C7650
,,,,,,,,,,,,,,,,,,,,,,,,,,,,,C7651
,,,,,,,,,,,,,,,,,,,,,,,,,,,,,C7652
,,,,,,,,,,,,,,,,,,,,,,,,,,,,,C767
,,,,,,,,,,,,,,,,,,,,,,,,,,,,,C768
,,,,,,,,,,,,,,,,,,,,,,,,,,,,,C77
,,,,,,,,,,,,,,,,,,,,,,,,,,,,,C770
,,,,,,,,,,,,,,,,,,,,,,,,,,,,,C771
,,,,,,,,,,,,,,,,,,,,,,,,,,,,,C772
,,,,,,,,,,,,,,,,,,,,,,,,,,,,,C773
,,,,,,,,,,,,,,,,,,,,,,,,,,,,,C774
,,,,,,,,,,,,,,,,,,,,,,,,,,,,,C775
,,,,,,,,,,,,,,,,,,,,,,,,,,,,,C778
,,,,,,,,,,,,,,,,,,,,,,,,,,,,,C779
,,,,,,,,,,,,,,,,,,,,,,,,,,,,,C78
,,,,,,,,,,,,,,,,,,,,,,,,,,,,,C780
,,,,,,,,,,,,,,,,,,,,,,,,,,,,,C7800
,,,,,,,,,,,,,,,,,,,,,,,,,,,,,C7801
,,,,,,,,,,,,,,,,,,,,,,,,,,,,,C7802
,,,,,,,,,,,,,,,,,,,,,,,,,,,,,C781
,,,,,,,,,,,,,,,,,,,,,,,,,,,,,C782
,,,,,,,,,,,,,,,,,,,,,,,,,,,,,C783
,,,,,,,,,,,,,,,,,,,,,,,,,,,,,C7830
,,,,,,,,,,,,,,,,,,,,,,,,,,,,,C7839
,,,,,,,,,,,,,,,,,,,,,,,,,,,,,C784
,,,,,,,,,,,,,,,,,,,,,,,,,,,,,C785
,,,,,,,,,,,,,,,,,,,,,,,,,,,,,C786
,,,,,,,,,,,,,,,,,,,,,,,,,,,,,C787
,,,,,,,,,,,,,,,,,,,,,,,,,,,,,C788
,,,,,,,,,,,,,,,,,,,,,,,,,,,,,C7880
,,,,,,,,,,,,,,,,,,,,,,,,,,,,,C7889
,,,,,,,,,,,,,,,,,,,,,,,,,,,,,C79
,,,,,,,,,,,,,,,,,,,,,,,,,,,,,C790
,,,,,,,,,,,,,,,,,,,,,,,,,,,,,C7900
,,,,,,,,,,,,,,,,,,,,,,,,,,,,,C7901
,,,,,,,,,,,,,,,,,,,,,,,,,,,,,C7902
,,,,,,,,,,,,,,,,,,,,,,,,,,,,,C791
,,,,,,,,,,,,,,,,,,,,,,,,,,,,,C7910
,,,,,,,,,,,,,,,,,,,,,,,,,,,,,C7911
,,,,,,,,,,,,,,,,,,,,,,,,,,,,,C7919
,,,,,,,,,,,,,,,,,,,,,,,,,,,,,C792
,,,,,,,,,,,,,,,,,,,,,,,,,,,,,C793
,,,,,,,,,,,,,,,,,,,,,,,,,,,,,C7931
,,,,,,,,,,,,,,,,,,,,,,,,,,,,,C7932
,,,,,,,,,,,,,,,,,,,,,,,,,,,,,C794
,,,,,,,,,,,,,,,,,,,,,,,,,,,,,C7940
,,,,,,,,,,,,,,,,,,,,,,,,,,,,,C7949
,,,,,,,,,,,,,,,,,,,,,,,,,,,,,C795
,,,,,,,,,,,,,,,,,,,,,,,,,,,,,C7951
,,,,,,,,,,,,,,,,,,,,,,,,,,,,,C7952
,,,,,,,,,,,,,,,,,,,,,,,,,,,,,C796
,,,,,,,,,,,,,,,,,,,,,,,,,,,,,C7960
,,,,,,,,,,,,,,,,,,,,,,,,,,,,,C7961
,,,,,,,,,,,,,,,,,,,,,,,,,,,,,C7962
,,,,,,,,,,,,,,,,,,,,,,,,,,,,,C7963
,,,,,,,,,,,,,,,,,,,,,,,,,,,,,C797
,,,,,,,,,,,,,,,,,,,,,,,,,,,,,C7970
,,,,,,,,,,,,,,,,,,,,,,,,,,,,,C7971
,,,,,,,,,,,,,,,,,,,,,,,,,,,,,C7972
,,,,,,,,,,,,,,,,,,,,,,,,,,,,,C798
,,,,,,,,,,,,,,,,,,,,,,,,,,,,,C7981
,,,,,,,,,,,,,,,,,,,,,,,,,,,,,C7982
,,,,,,,,,,,,,,,,,,,,,,,,,,,,,C7989
,,,,,,,,,,,,,,,,,,,,,,,,,,,,,C799
,,,,,,,,,,,,,,,,,,,,,,,,,,,,,C7A
,,,,,,,,,,,,,,,,,,,,,,,,,,,,,C7A0
,,,,,,,,,,,,,,,,,,,,,,,,,,,,,C7A00
,,,,,,,,,,,,,,,,,,,,,,,,,,,,,C7A01
,,,,,,,,,,,,,,,,,,,,,,,,,,,,,C7A010
,,,,,,,,,,,,,,,,,,,,,,,,,,,,,C7A011
,,,,,,,,,,,,,,,,,,,,,,,,,,,,,C7A012
,,,,,,,,,,,,,,,,,,,,,,,,,,,,,C7A019
,,,,,,,,,,,,,,,,,,,,,,,,,,,,,C7A02
,,,,,,,,,,,,,,,,,,,,,,,,,,,,,C7A020
,,,,,,,,,,,,,,,,,,,,,,,,,,,,,C7A021
,,,,,,,,,,,,,,,,,,,,,,,,,,,,,C7A022
,,,,,,,,,,,,,,,,,,,,,,,,,,,,,C7A023
,,,,,,,,,,,,,,,,,,,,,,,,,,,,,C7A024
,,,,,,,,,,,,,,,,,,,,,,,,,,,,,C7A025
,,,,,,,,,,,,,,,,,,,,,,,,,,,,,C7A026
,,,,,,,,,,,,,,,,,,,,,,,,,,,,,C7A029
,,,,,,,,,,,,,,,,,,,,,,,,,,,,,C7A09
,,,,,,,,,,,,,,,,,,,,,,,,,,,,,C7A090
,,,,,,,,,,,,,,,,,,,,,,,,,,,,,C7A091
,,,,,,,,,,,,,,,,,,,,,,,,,,,,,C7A092
,,,,,,,,,,,,,,,,,,,,,,,,,,,,,C7A093
,,,,,,,,,,,,,,,,,,,,,,,,,,,,,C7A094
,,,,,,,,,,,,,,,,,,,,,,,,,,,,,C7A095
,,,,,,,,,,,,,,,,,,,,,,,,,,,,,C7A096
,,,,,,,,,,,,,,,,,,,,,,,,,,,,,C7A098
,,,,,,,,,,,,,,,,,,,,,,,,,,,,,C7A1
,,,,,,,,,,,,,,,,,,,,,,,,,,,,,C7A8
,,,,,,,,,,,,,,,,,,,,,,,,,,,,,C7B
,,,,,,,,,,,,,,,,,,,,,,,,,,,,,C7B0
,,,,,,,,,,,,,,,,,,,,,,,,,,,,,C7B00
,,,,,,,,,,,,,,,,,,,,,,,,,,,,,C7B01
,,,,,,,,,,,,,,,,,,,,,,,,,,,,,C7B02
,,,,,,,,,,,,,,,,,,,,,,,,,,,,,C7B03
,,,,,,,,,,,,,,,,,,,,,,,,,,,,,C7B04
,,,,,,,,,,,,,,,,,,,,,,,,,,,,,C7B09
,,,,,,,,,,,,,,,,,,,,,,,,,,,,,C7B1
,,,,,,,,,,,,,,,,,,,,,,,,,,,,,C7B8
,,,,,,,,,,,,,,,,,,,,,,,,,,,,,C80
,,,,,,,,,,,,,,,,,,,,,,,,,,,,,C800
,,,,,,,,,,,,,,,,,,,,,,,,,,,,,C801
,,,,,,,,,,,,,,,,,,,,,,,,,,,,,C802
,,,,,,,,,,,,,,,,,,,,,,,,,,,,,C809
,,,,,,,,,,,,,,,,,,,,,,,,,,,,,C81
,,,,,,,,,,,,,,,,,,,,,,,,,,,,,C810
,,,,,,,,,,,,,,,,,,,,,,,,,,,,,C8100
,,,,,,,,,,,,,,,,,,,,,,,,,,,,,C8101
,,,,,,,,,,,,,,,,,,,,,,,,,,,,,C8102
,,,,,,,,,,,,,,,,,,,,,,,,,,,,,C8103
,,,,,,,,,,,,,,,,,,,,,,,,,,,,,C8104
,,,,,,,,,,,,,,,,,,,,,,,,,,,,,C8105
,,,,,,,,,,,,,,,,,,,,,,,,,,,,,C8106
,,,,,,,,,,,,,,,,,,,,,,,,,,,,,C8107
,,,,,,,,,,,,,,,,,,,,,,,,,,,,,C8108
,,,,,,,,,,,,,,,,,,,,,,,,,,,,,C8109
,,,,,,,,,,,,,,,,,,,,,,,,,,,,,C811
,,,,,,,,,,,,,,,,,,,,,,,,,,,,,C8110
,,,,,,,,,,,,,,,,,,,,,,,,,,,,,C8111
,,,,,,,,,,,,,,,,,,,,,,,,,,,,,C8112
,,,,,,,,,,,,,,,,,,,,,,,,,,,,,C8113
,,,,,,,,,,,,,,,,,,,,,,,,,,,,,C8114
,,,,,,,,,,,,,,,,,,,,,,,,,,,,,C8115
,,,,,,,,,,,,,,,,,,,,,,,,,,,,,C8116
,,,,,,,,,,,,,,,,,,,,,,,,,,,,,C8117
,,,,,,,,,,,,,,,,,,,,,,,,,,,,,C8118
,,,,,,,,,,,,,,,,,,,,,,,,,,,,,C8119
,,,,,,,,,,,,,,,,,,,,,,,,,,,,,C812
,,,,,,,,,,,,,,,,,,,,,,,,,,,,,C8120
,,,,,,,,,,,,,,,,,,,,,,,,,,,,,C8121
,,,,,,,,,,,,,,,,,,,,,,,,,,,,,C8122
,,,,,,,,,,,,,,,,,,,,,,,,,,,,,C8123
,,,,,,,,,,,,,,,,,,,,,,,,,,,,,C8124
,,,,,,,,,,,,,,,,,,,,,,,,,,,,,C8125
,,,,,,,,,,,,,,,,,,,,,,,,,,,,,C8126
,,,,,,,,,,,,,,,,,,,,,,,,,,,,,C8127
,,,,,,,,,,,,,,,,,,,,,,,,,,,,,C8128
,,,,,,,,,,,,,,,,,,,,,,,,,,,,,C8129
,,,,,,,,,,,,,,,,,,,,,,,,,,,,,C813
,,,,,,,,,,,,,,,,,,,,,,,,,,,,,C8130
,,,,,,,,,,,,,,,,,,,,,,,,,,,,,C8131
,,,,,,,,,,,,,,,,,,,,,,,,,,,,,C8132
,,,,,,,,,,,,,,,,,,,,,,,,,,,,,C8133
,,,,,,,,,,,,,,,,,,,,,,,,,,,,,C8134
,,,,,,,,,,,,,,,,,,,,,,,,,,,,,C8135
,,,,,,,,,,,,,,,,,,,,,,,,,,,,,C8136
,,,,,,,,,,,,,,,,,,,,,,,,,,,,,C8137
,,,,,,,,,,,,,,,,,,,,,,,,,,,,,C8138
,,,,,,,,,,,,,,,,,,,,,,,,,,,,,C8139
,,,,,,,,,,,,,,,,,,,,,,,,,,,,,C814
,,,,,,,,,,,,,,,,,,,,,,,,,,,,,C8140
,,,,,,,,,,,,,,,,,,,,,,,,,,,,,C8141
,,,,,,,,,,,,,,,,,,,,,,,,,,,,,C8142
,,,,,,,,,,,,,,,,,,,,,,,,,,,,,C8143
,,,,,,,,,,,,,,,,,,,,,,,,,,,,,C8144
,,,,,,,,,,,,,,,,,,,,,,,,,,,,,C8145
,,,,,,,,,,,,,,,,,,,,,,,,,,,,,C8146
,,,,,,,,,,,,,,,,,,,,,,,,,,,,,C8147
,,,,,,,,,,,,,,,,,,,,,,,,,,,,,C8148
,,,,,,,,,,,,,,,,,,,,,,,,,,,,,C8149
,,,,,,,,,,,,,,,,,,,,,,,,,,,,,C817
,,,,,,,,,,,,,,,,,,,,,,,,,,,,,C8170
,,,,,,,,,,,,,,,,,,,,,,,,,,,,,C8171
,,,,,,,,,,,,,,,,,,,,,,,,,,,,,C8172
,,,,,,,,,,,,,,,,,,,,,,,,,,,,,C8173
,,,,,,,,,,,,,,,,,,,,,,,,,,,,,C8174
,,,,,,,,,,,,,,,,,,,,,,,,,,,,,C8175
,,,,,,,,,,,,,,,,,,,,,,,,,,,,,C8176
,,,,,,,,,,,,,,,,,,,,,,,,,,,,,C8177
,,,,,,,,,,,,,,,,,,,,,,,,,,,,,C8178
,,,,,,,,,,,,,,,,,,,,,,,,,,,,,C8179
,,,,,,,,,,,,,,,,,,,,,,,,,,,,,C819
,,,,,,,,,,,,,,,,,,,,,,,,,,,,,C8190
,,,,,,,,,,,,,,,,,,,,,,,,,,,,,C8191
,,,,,,,,,,,,,,,,,,,,,,,,,,,,,C8192
,,,,,,,,,,,,,,,,,,,,,,,,,,,,,C8193
,,,,,,,,,,,,,,,,,,,,,,,,,,,,,C8194
,,,,,,,,,,,,,,,,,,,,,,,,,,,,,C8195
,,,,,,,,,,,,,,,,,,,,,,,,,,,,,C8196
,,,,,,,,,,,,,,,,,,,,,,,,,,,,,C8197
,,,,,,,,,,,,,,,,,,,,,,,,,,,,,C8198
,,,,,,,,,,,,,,,,,,,,,,,,,,,,,C8199
,,,,,,,,,,,,,,,,,,,,,,,,,,,,,C82
,,,,,,,,,,,,,,,,,,,,,,,,,,,,,C820
,,,,,,,,,,,,,,,,,,,,,,,,,,,,,C8200
,,,,,,,,,,,,,,,,,,,,,,,,,,,,,C8201
,,,,,,,,,,,,,,,,,,,,,,,,,,,,,C8202
,,,,,,,,,,,,,,,,,,,,,,,,,,,,,C8203
,,,,,,,,,,,,,,,,,,,,,,,,,,,,,C8204
,,,,,,,,,,,,,,,,,,,,,,,,,,,,,C8205
,,,,,,,,,,,,,,,,,,,,,,,,,,,,,C8206
,,,,,,,,,,,,,,,,,,,,,,,,,,,,,C8207
,,,,,,,,,,,,,,,,,,,,,,,,,,,,,C8208
,,,,,,,,,,,,,,,,,,,,,,,,,,,,,C8209
,,,,,,,,,,,,,,,,,,,,,,,,,,,,,C821
,,,,,,,,,,,,,,,,,,,,,,,,,,,,,C8210
,,,,,,,,,,,,,,,,,,,,,,,,,,,,,C8211
,,,,,,,,,,,,,,,,,,,,,,,,,,,,,C8212
,,,,,,,,,,,,,,,,,,,,,,,,,,,,,C8213
,,,,,,,,,,,,,,,,,,,,,,,,,,,,,C8214
,,,,,,,,,,,,,,,,,,,,,,,,,,,,,C8215
,,,,,,,,,,,,,,,,,,,,,,,,,,,,,C8216
,,,,,,,,,,,,,,,,,,,,,,,,,,,,,C8217
,,,,,,,,,,,,,,,,,,,,,,,,,,,,,C8218
,,,,,,,,,,,,,,,,,,,,,,,,,,,,,C8219
,,,,,,,,,,,,,,,,,,,,,,,,,,,,,C822
,,,,,,,,,,,,,,,,,,,,,,,,,,,,,C8220
,,,,,,,,,,,,,,,,,,,,,,,,,,,,,C8221
,,,,,,,,,,,,,,,,,,,,,,,,,,,,,C8222
,,,,,,,,,,,,,,,,,,,,,,,,,,,,,C8223
,,,,,,,,,,,,,,,,,,,,,,,,,,,,,C8224
,,,,,,,,,,,,,,,,,,,,,,,,,,,,,C8225
,,,,,,,,,,,,,,,,,,,,,,,,,,,,,C8226
,,,,,,,,,,,,,,,,,,,,,,,,,,,,,C8227
,,,,,,,,,,,,,,,,,,,,,,,,,,,,,C8228
,,,,,,,,,,,,,,,,,,,,,,,,,,,,,C8229
,,,,,,,,,,,,,,,,,,,,,,,,,,,,,C823
,,,,,,,,,,,,,,,,,,,,,,,,,,,,,C8230
,,,,,,,,,,,,,,,,,,,,,,,,,,,,,C8231
,,,,,,,,,,,,,,,,,,,,,,,,,,,,,C8232
,,,,,,,,,,,,,,,,,,,,,,,,,,,,,C8233
,,,,,,,,,,,,,,,,,,,,,,,,,,,,,C8234
,,,,,,,,,,,,,,,,,,,,,,,,,,,,,C8235
,,,,,,,,,,,,,,,,,,,,,,,,,,,,,C8236
,,,,,,,,,,,,,,,,,,,,,,,,,,,,,C8237
,,,,,,,,,,,,,,,,,,,,,,,,,,,,,C8238
,,,,,,,,,,,,,,,,,,,,,,,,,,,,,C8239
,,,,,,,,,,,,,,,,,,,,,,,,,,,,,C824
,,,,,,,,,,,,,,,,,,,,,,,,,,,,,C8240
,,,,,,,,,,,,,,,,,,,,,,,,,,,,,C8241
,,,,,,,,,,,,,,,,,,,,,,,,,,,,,C8242
,,,,,,,,,,,,,,,,,,,,,,,,,,,,,C8243
,,,,,,,,,,,,,,,,,,,,,,,,,,,,,C8244
,,,,,,,,,,,,,,,,,,,,,,,,,,,,,C8245
,,,,,,,,,,,,,,,,,,,,,,,,,,,,,C8246
,,,,,,,,,,,,,,,,,,,,,,,,,,,,,C8247
,,,,,,,,,,,,,,,,,,,,,,,,,,,,,C8248
,,,,,,,,,,,,,,,,,,,,,,,,,,,,,C8249
,,,,,,,,,,,,,,,,,,,,,,,,,,,,,C825
,,,,,,,,,,,,,,,,,,,,,,,,,,,,,C8250
,,,,,,,,,,,,,,,,,,,,,,,,,,,,,C8251
,,,,,,,,,,,,,,,,,,,,,,,,,,,,,C8252
,,,,,,,,,,,,,,,,,,,,,,,,,,,,,C8253
,,,,,,,,,,,,,,,,,,,,,,,,,,,,,C8254
,,,,,,,,,,,,,,,,,,,,,,,,,,,,,C8255
,,,,,,,,,,,,,,,,,,,,,,,,,,,,,C8256
,,,,,,,,,,,,,,,,,,,,,,,,,,,,,C8257
,,,,,,,,,,,,,,,,,,,,,,,,,,,,,C8258
,,,,,,,,,,,,,,,,,,,,,,,,,,,,,C8259
,,,,,,,,,,,,,,,,,,,,,,,,,,,,,C826
,,,,,,,,,,,,,,,,,,,,,,,,,,,,,C8260
,,,,,,,,,,,,,,,,,,,,,,,,,,,,,C8261
,,,,,,,,,,,,,,,,,,,,,,,,,,,,,C8262
,,,,,,,,,,,,,,,,,,,,,,,,,,,,,C8263
,,,,,,,,,,,,,,,,,,,,,,,,,,,,,C8264
,,,,,,,,,,,,,,,,,,,,,,,,,,,,,C8265
,,,,,,,,,,,,,,,,,,,,,,,,,,,,,C8266
,,,,,,,,,,,,,,,,,,,,,,,,,,,,,C8267
,,,,,,,,,,,,,,,,,,,,,,,,,,,,,C8268
,,,,,,,,,,,,,,,,,,,,,,,,,,,,,C8269
,,,,,,,,,,,,,,,,,,,,,,,,,,,,,C827
,,,,,,,,,,,,,,,,,,,,,,,,,,,,,C828
,,,,,,,,,,,,,,,,,,,,,,,,,,,,,C8280
,,,,,,,,,,,,,,,,,,,,,,,,,,,,,C8281
,,,,,,,,,,,,,,,,,,,,,,,,,,,,,C8282
,,,,,,,,,,,,,,,,,,,,,,,,,,,,,C8283
,,,,,,,,,,,,,,,,,,,,,,,,,,,,,C8284
,,,,,,,,,,,,,,,,,,,,,,,,,,,,,C8285
,,,,,,,,,,,,,,,,,,,,,,,,,,,,,C8286
,,,,,,,,,,,,,,,,,,,,,,,,,,,,,C8287
,,,,,,,,,,,,,,,,,,,,,,,,,,,,,C8288
,,,,,,,,,,,,,,,,,,,,,,,,,,,,,C8289
,,,,,,,,,,,,,,,,,,,,,,,,,,,,,C829
,,,,,,,,,,,,,,,,,,,,,,,,,,,,,C8290
,,,,,,,,,,,,,,,,,,,,,,,,,,,,,C8291
,,,,,,,,,,,,,,,,,,,,,,,,,,,,,C8292
,,,,,,,,,,,,,,,,,,,,,,,,,,,,,C8293
,,,,,,,,,,,,,,,,,,,,,,,,,,,,,C8294
,,,,,,,,,,,,,,,,,,,,,,,,,,,,,C8295
,,,,,,,,,,,,,,,,,,,,,,,,,,,,,C8296
,,,,,,,,,,,,,,,,,,,,,,,,,,,,,C8297
,,,,,,,,,,,,,,,,,,,,,,,,,,,,,C8298
,,,,,,,,,,,,,,,,,,,,,,,,,,,,,C8299
,,,,,,,,,,,,,,,,,,,,,,,,,,,,,C83
,,,,,,,,,,,,,,,,,,,,,,,,,,,,,C830
,,,,,,,,,,,,,,,,,,,,,,,,,,,,,C8300
,,,,,,,,,,,,,,,,,,,,,,,,,,,,,C8301
,,,,,,,,,,,,,,,,,,,,,,,,,,,,,C8302
,,,,,,,,,,,,,,,,,,,,,,,,,,,,,C8303
,,,,,,,,,,,,,,,,,,,,,,,,,,,,,C8304
,,,,,,,,,,,,,,,,,,,,,,,,,,,,,C8305
,,,,,,,,,,,,,,,,,,,,,,,,,,,,,C8306
,,,,,,,,,,,,,,,,,,,,,,,,,,,,,C8307
,,,,,,,,,,,,,,,,,,,,,,,,,,,,,C8308
,,,,,,,,,,,,,,,,,,,,,,,,,,,,,C8309
,,,,,,,,,,,,,,,,,,,,,,,,,,,,,C831
,,,,,,,,,,,,,,,,,,,,,,,,,,,,,C8310
,,,,,,,,,,,,,,,,,,,,,,,,,,,,,C8311
,,,,,,,,,,,,,,,,,,,,,,,,,,,,,C8312
,,,,,,,,,,,,,,,,,,,,,,,,,,,,,C8313
,,,,,,,,,,,,,,,,,,,,,,,,,,,,,C8314
,,,,,,,,,,,,,,,,,,,,,,,,,,,,,C8315
,,,,,,,,,,,,,,,,,,,,,,,,,,,,,C8316
,,,,,,,,,,,,,,,,,,,,,,,,,,,,,C8317
,,,,,,,,,,,,,,,,,,,,,,,,,,,,,C8318
,,,,,,,,,,,,,,,,,,,,,,,,,,,,,C8319
,,,,,,,,,,,,,,,,,,,,,,,,,,,,,C833
,,,,,,,,,,,,,,,,,,,,,,,,,,,,,C8330
,,,,,,,,,,,,,,,,,,,,,,,,,,,,,C8331
,,,,,,,,,,,,,,,,,,,,,,,,,,,,,C8332
,,,,,,,,,,,,,,,,,,,,,,,,,,,,,C8333
,,,,,,,,,,,,,,,,,,,,,,,,,,,,,C8334
,,,,,,,,,,,,,,,,,,,,,,,,,,,,,C8335
,,,,,,,,,,,,,,,,,,,,,,,,,,,,,C8336
,,,,,,,,,,,,,,,,,,,,,,,,,,,,,C8337
,,,,,,,,,,,,,,,,,,,,,,,,,,,,,C8338
,,,,,,,,,,,,,,,,,,,,,,,,,,,,,C8339
,,,,,,,,,,,,,,,,,,,,,,,,,,,,,C835
,,,,,,,,,,,,,,,,,,,,,,,,,,,,,C8350
,,,,,,,,,,,,,,,,,,,,,,,,,,,,,C8351
,,,,,,,,,,,,,,,,,,,,,,,,,,,,,C8352
,,,,,,,,,,,,,,,,,,,,,,,,,,,,,C8353
,,,,,,,,,,,,,,,,,,,,,,,,,,,,,C8354
,,,,,,,,,,,,,,,,,,,,,,,,,,,,,C8355
,,,,,,,,,,,,,,,,,,,,,,,,,,,,,C8356
,,,,,,,,,,,,,,,,,,,,,,,,,,,,,C8357
,,,,,,,,,,,,,,,,,,,,,,,,,,,,,C8358
,,,,,,,,,,,,,,,,,,,,,,,,,,,,,C8359
,,,,,,,,,,,,,,,,,,,,,,,,,,,,,C837
,,,,,,,,,,,,,,,,,,,,,,,,,,,,,C8370
,,,,,,,,,,,,,,,,,,,,,,,,,,,,,C8371
,,,,,,,,,,,,,,,,,,,,,,,,,,,,,C8372
,,,,,,,,,,,,,,,,,,,,,,,,,,,,,C8373
,,,,,,,,,,,,,,,,,,,,,,,,,,,,,C8374
,,,,,,,,,,,,,,,,,,,,,,,,,,,,,C8375
,,,,,,,,,,,,,,,,,,,,,,,,,,,,,C8376
,,,,,,,,,,,,,,,,,,,,,,,,,,,,,C8377
,,,,,,,,,,,,,,,,,,,,,,,,,,,,,C8378
,,,,,,,,,,,,,,,,,,,,,,,,,,,,,C8379
,,,,,,,,,,,,,,,,,,,,,,,,,,,,,C838
,,,,,,,,,,,,,,,,,,,,,,,,,,,,,C8380
,,,,,,,,,,,,,,,,,,,,,,,,,,,,,C8381
,,,,,,,,,,,,,,,,,,,,,,,,,,,,,C8382
,,,,,,,,,,,,,,,,,,,,,,,,,,,,,C8383
,,,,,,,,,,,,,,,,,,,,,,,,,,,,,C8384
,,,,,,,,,,,,,,,,,,,,,,,,,,,,,C8385
,,,,,,,,,,,,,,,,,,,,,,,,,,,,,C8386
,,,,,,,,,,,,,,,,,,,,,,,,,,,,,C8387
,,,,,,,,,,,,,,,,,,,,,,,,,,,,,C8388
,,,,,,,,,,,,,,,,,,,,,,,,,,,,,C8389
,,,,,,,,,,,,,,,,,,,,,,,,,,,,,C839
,,,,,,,,,,,,,,,,,,,,,,,,,,,,,C8390
,,,,,,,,,,,,,,,,,,,,,,,,,,,,,C8391
,,,,,,,,,,,,,,,,,,,,,,,,,,,,,C8392
,,,,,,,,,,,,,,,,,,,,,,,,,,,,,C8393
,,,,,,,,,,,,,,,,,,,,,,,,,,,,,C8394
,,,,,,,,,,,,,,,,,,,,,,,,,,,,,C8395
,,,,,,,,,,,,,,,,,,,,,,,,,,,,,C8396
,,,,,,,,,,,,,,,,,,,,,,,,,,,,,C8397
,,,,,,,,,,,,,,,,,,,,,,,,,,,,,C8398
,,,,,,,,,,,,,,,,,,,,,,,,,,,,,C8399
,,,,,,,,,,,,,,,,,,,,,,,,,,,,,C840
,,,,,,,,,,,,,,,,,,,,,,,,,,,,,C841
,,,,,,,,,,,,,,,,,,,,,,,,,,,,,C842
,,,,,,,,,,,,,,,,,,,,,,,,,,,,,C844
,,,,,,,,,,,,,,,,,,,,,,,,,,,,,C845
,,,,,,,,,,,,,,,,,,,,,,,,,,,,,C846
,,,,,,,,,,,,,,,,,,,,,,,,,,,,,C848
,,,,,,,,,,,,,,,,,,,,,,,,,,,,,C851
,,,,,,,,,,,,,,,,,,,,,,,,,,,,,C852
,,,,,,,,,,,,,,,,,,,,,,,,,,,,,C857
,,,,,,,,,,,,,,,,,,,,,,,,,,,,,C859
,,,,,,,,,,,,,,,,,,,,,,,,,,,,,C860
,,,,,,,,,,,,,,,,,,,,,,,,,,,,,C865
,,,,,,,,,,,,,,,,,,,,,,,,,,,,,C880
,,,,,,,,,,,,,,,,,,,,,,,,,,,,,C884
,,,,,,,,,,,,,,,,,,,,,,,,,,,,,C900
,,,,,,,,,,,,,,,,,,,,,,,,,,,,,C901
,,,,,,,,,,,,,,,,,,,,,,,,,,,,,C902
,,,,,,,,,,,,,,,,,,,,,,,,,,,,,C910
,,,,,,,,,,,,,,,,,,,,,,,,,,,,,C911
,,,,,,,,,,,,,,,,,,,,,,,,,,,,,C913
,,,,,,,,,,,,,,,,,,,,,,,,,,,,,C914
,,,,,,,,,,,,,,,,,,,,,,,,,,,,,C919
,,,,,,,,,,,,,,,,,,,,,,,,,,,,,C920
,,,,,,,,,,,,,,,,,,,,,,,,,,,,,C921
,,,,,,,,,,,,,,,,,,,,,,,,,,,,,C922
,,,,,,,,,,,,,,,,,,,,,,,,,,,,,C924
,,,,,,,,,,,,,,,,,,,,,,,,,,,,,C925
,,,,,,,,,,,,,,,,,,,,,,,,,,,,,C927
,,,,,,,,,,,,,,,,,,,,,,,,,,,,,C928
,,,,,,,,,,,,,,,,,,,,,,,,,,,,,C931
,,,,,,,,,,,,,,,,,,,,,,,,,,,,,C941
,,,,,,,,,,,,,,,,,,,,,,,,,,,,,C942
,,,,,,,,,,,,,,,,,,,,,,,,,,,,,C950
,,,,,,,,,,,,,,,,,,,,,,,,,,,,,C951
,,,,,,,,,,,,,,,,,,,,,,,,,,,,,C957
,,,,,,,,,,,,,,,,,,,,,,,,,,,,,C959
,,,,,,,,,,,,,,,,,,,,,,,,,,,,,C960
,,,,,,,,,,,,,,,,,,,,,,,,,,,,,C966
,,,,,,,,,,,,,,,,,,,,,,,,,,,,,C967
,,,,,,,,,,,,,,,,,,,,,,,,,,,,,C969
,,,,,,,,,,,,,,,,,,,,,,,,,,,,,C97
,,,,,,,,,,,,,,,,,,,,,,,,,,,,,D000
,,,,,,,,,,,,,,,,,,,,,,,,,,,,,D001
,,,,,,,,,,,,,,,,,,,,,,,,,,,,,D002
,,,,,,,,,,,,,,,,,,,,,,,,,,,,,D010
,,,,,,,,,,,,,,,,,,,,,,,,,,,,,D011
,,,,,,,,,,,,,,,,,,,,,,,,,,,,,D012
,,,,,,,,,,,,,,,,,,,,,,,,,,,,,D013
,,,,,,,,,,,,,,,,,,,,,,,,,,,,,D014
,,,,,,,,,,,,,,,,,,,,,,,,,,,,,D015
,,,,,,,,,,,,,,,,,,,,,,,,,,,,,D020
,,,,,,,,,,,,,,,,,,,,,,,,,,,,,D021
,,,,,,,,,,,,,,,,,,,,,,,,,,,,,D022
,,,,,,,,,,,,,,,,,,,,,,,,,,,,,D032
,,,,,,,,,,,,,,,,,,,,,,,,,,,,,D033
,,,,,,,,,,,,,,,,,,,,,,,,,,,,,D034
,,,,,,,,,,,,,,,,,,,,,,,,,,,,,D035
,,,,,,,,,,,,,,,,,,,,,,,,,,,,,D036
,,,,,,,,,,,,,,,,,,,,,,,,,,,,,D037
,,,,,,,,,,,,,,,,,,,,,,,,,,,,,D038
,,,,,,,,,,,,,,,,,,,,,,,,,,,,,D039
,,,,,,,,,,,,,,,,,,,,,,,,,,,,,D041
,,,,,,,,,,,,,,,,,,,,,,,,,,,,,D042
,,,,,,,,,,,,,,,,,,,,,,,,,,,,,D043
,,,,,,,,,,,,,,,,,,,,,,,,,,,,,D044
,,,,,,,,,,,,,,,,,,,,,,,,,,,,,D045
,,,,,,,,,,,,,,,,,,,,,,,,,,,,,D046
,,,,,,,,,,,,,,,,,,,,,,,,,,,,,D047
,,,,,,,,,,,,,,,,,,,,,,,,,,,,,D048
,,,,,,,,,,,,,,,,,,,,,,,,,,,,,D050
,,,,,,,,,,,,,,,,,,,,,,,,,,,,,D051
,,,,,,,,,,,,,,,,,,,,,,,,,,,,,D057
,,,,,,,,,,,,,,,,,,,,,,,,,,,,,D059
,,,,,,,,,,,,,,,,,,,,,,,,,,,,,D069
,,,,,,,,,,,,,,,,,,,,,,,,,,,,,D070
,,,,,,,,,,,,,,,,,,,,,,,,,,,,,D071
,,,,,,,,,,,,,,,,,,,,,,,,,,,,,D072
,,,,,,,,,,,,,,,,,,,,,,,,,,,,,D074
,,,,,,,,,,,,,,,,,,,,,,,,,,,,,D075
,,,,,,,,,,,,,,,,,,,,,,,,,,,,,D090
,,,,,,,,,,,,,,,,,,,,,,,,,,,,,D091
,,,,,,,,,,,,,,,,,,,,,,,,,,,,,D100
,,,,,,,,,,,,,,,,,,,,,,,,,,,,,D101
,,,,,,,,,,,,,,,,,,,,,,,,,,,,,D102
,,,,,,,,,,,,,,,,,,,,,,,,,,,,,D103
,,,,,,,,,,,,,,,,,,,,,,,,,,,,,D104
,,,,,,,,,,,,,,,,,,,,,,,,,,,,,D105
,,,,,,,,,,,,,,,,,,,,,,,,,,,,,D106
,,,,,,,,,,,,,,,,,,,,,,,,,,,,,D109
,,,,,,,,,,,,,,,,,,,,,,,,,,,,,D110
,,,,,,,,,,,,,,,,,,,,,,,,,,,,,D117
,,,,,,,,,,,,,,,,,,,,,,,,,,,,,D119
,,,,,,,,,,,,,,,,,,,,,,,,,,,,,D120
,,,,,,,,,,,,,,,,,,,,,,,,,,,,,D121
,,,,,,,,,,,,,,,,,,,,,,,,,,,,,D122
,,,,,,,,,,,,,,,,,,,,,,,,,,,,,D123
,,,,,,,,,,,,,,,,,,,,,,,,,,,,,D124
,,,,,,,,,,,,,,,,,,,,,,,,,,,,,D125
,,,,,,,,,,,,,,,,,,,,,,,,,,,,,D126
,,,,,,,,,,,,,,,,,,,,,,,,,,,,,D127
,,,,,,,,,,,,,,,,,,,,,,,,,,,,,D128
,,,,,,,,,,,,,,,,,,,,,,,,,,,,,D129
,,,,,,,,,,,,,,,,,,,,,,,,,,,,,D130
,,,,,,,,,,,,,,,,,,,,,,,,,,,,,D131
,,,,,,,,,,,,,,,,,,,,,,,,,,,,,D132
,,,,,,,,,,,,,,,,,,,,,,,,,,,,,D133
,,,,,,,,,,,,,,,,,,,,,,,,,,,,,D134
,,,,,,,,,,,,,,,,,,,,,,,,,,,,,D135
,,,,,,,,,,,,,,,,,,,,,,,,,,,,,D136
,,,,,,,,,,,,,,,,,,,,,,,,,,,,,D137
,,,,,,,,,,,,,,,,,,,,,,,,,,,,,D139
,,,,,,,,,,,,,,,,,,,,,,,,,,,,,D140
,,,,,,,,,,,,,,,,,,,,,,,,,,,,,D141
,,,,,,,,,,,,,,,,,,,,,,,,,,,,,D142
,,,,,,,,,,,,,,,,,,,,,,,,,,,,,D143
,,,,,,,,,,,,,,,,,,,,,,,,,,,,,D144
,,,,,,,,,,,,,,,,,,,,,,,,,,,,,D150
,,,,,,,,,,,,,,,,,,,,,,,,,,,,,D151
,,,,,,,,,,,,,,,,,,,,,,,,,,,,,D152
,,,,,,,,,,,,,,,,,,,,,,,,,,,,,D161
,,,,,,,,,,,,,,,,,,,,,,,,,,,,,D162
,,,,,,,,,,,,,,,,,,,,,,,,,,,,,D163
,,,,,,,,,,,,,,,,,,,,,,,,,,,,,D164
,,,,,,,,,,,,,,,,,,,,,,,,,,,,,D165
,,,,,,,,,,,,,,,,,,,,,,,,,,,,,D169
,,,,,,,,,,,,,,,,,,,,,,,,,,,,,D170
,,,,,,,,,,,,,,,,,,,,,,,,,,,,,D171
,,,,,,,,,,,,,,,,,,,,,,,,,,,,,D172
,,,,,,,,,,,,,,,,,,,,,,,,,,,,,D173
,,,,,,,,,,,,,,,,,,,,,,,,,,,,,D174
,,,,,,,,,,,,,,,,,,,,,,,,,,,,,D175
,,,,,,,,,,,,,,,,,,,,,,,,,,,,,D176
,,,,,,,,,,,,,,,,,,,,,,,,,,,,,D177
,,,,,,,,,,,,,,,,,,,,,,,,,,,,,D179
,,,,,,,,,,,,,,,,,,,,,,,,,,,,,D180
,,,,,,,,,,,,,,,,,,,,,,,,,,,,,D181
,,,,,,,,,,,,,,,,,,,,,,,,,,,,,D190
,,,,,,,,,,,,,,,,,,,,,,,,,,,,,D210
,,,,,,,,,,,,,,,,,,,,,,,,,,,,,D211
,,,,,,,,,,,,,,,,,,,,,,,,,,,,,D212
,,,,,,,,,,,,,,,,,,,,,,,,,,,,,D213
,,,,,,,,,,,,,,,,,,,,,,,,,,,,,D214
,,,,,,,,,,,,,,,,,,,,,,,,,,,,,D215
,,,,,,,,,,,,,,,,,,,,,,,,,,,,,D219
,,,,,,,,,,,,,,,,,,,,,,,,,,,,,D220
,,,,,,,,,,,,,,,,,,,,,,,,,,,,,D221
,,,,,,,,,,,,,,,,,,,,,,,,,,,,,D222
,,,,,,,,,,,,,,,,,,,,,,,,,,,,,D223
,,,,,,,,,,,,,,,,,,,,,,,,,,,,,D224
,,,,,,,,,,,,,,,,,,,,,,,,,,,,,D225
,,,,,,,,,,,,,,,,,,,,,,,,,,,,,D226
,,,,,,,,,,,,,,,,,,,,,,,,,,,,,D227
,,,,,,,,,,,,,,,,,,,,,,,,,,,,,D229
,,,,,,,,,,,,,,,,,,,,,,,,,,,,,D230
,,,,,,,,,,,,,,,,,,,,,,,,,,,,,D231
,,,,,,,,,,,,,,,,,,,,,,,,,,,,,D232
,,,,,,,,,,,,,,,,,,,,,,,,,,,,,D233
,,,,,,,,,,,,,,,,,,,,,,,,,,,,,D234
,,,,,,,,,,,,,,,,,,,,,,,,,,,,,D235
,,,,,,,,,,,,,,,,,,,,,,,,,,,,,D236
,,,,,,,,,,,,,,,,,,,,,,,,,,,,,D237
,,,,,,,,,,,,,,,,,,,,,,,,,,,,,D239
,,,,,,,,,,,,,,,,,,,,,,,,,,,,,D24
,,,,,,,,,,,,,,,,,,,,,,,,,,,,,D250
,,,,,,,,,,,,,,,,,,,,,,,,,,,,,D251
,,,,,,,,,,,,,,,,,,,,,,,,,,,,,D252
,,,,,,,,,,,,,,,,,,,,,,,,,,,,,D259
,,,,,,,,,,,,,,,,,,,,,,,,,,,,,D260
,,,,,,,,,,,,,,,,,,,,,,,,,,,,,D261
,,,,,,,,,,,,,,,,,,,,,,,,,,,,,D267
,,,,,,,,,,,,,,,,,,,,,,,,,,,,,D269
,,,,,,,,,,,,,,,,,,,,,,,,,,,,,D27
,,,,,,,,,,,,,,,,,,,,,,,,,,,,,D281
,,,,,,,,,,,,,,,,,,,,,,,,,,,,,D282
,,,,,,,,,,,,,,,,,,,,,,,,,,,,,D290
,,,,,,,,,,,,,,,,,,,,,,,,,,,,,D291
,,,,,,,,,,,,,,,,,,,,,,,,,,,,,D293
,,,,,,,,,,,,,,,,,,,,,,,,,,,,,D294
,,,,,,,,,,,,,,,,,,,,,,,,,,,,,D300
,,,,,,,,,,,,,,,,,,,,,,,,,,,,,D301
,,,,,,,,,,,,,,,,,,,,,,,,,,,,,D302
,,,,,,,,,,,,,,,,,,,,,,,,,,,,,D303
,,,,,,,,,,,,,,,,,,,,,,,,,,,,,D304
,,,,,,,,,,,,,,,,,,,,,,,,,,,,,D310
,,,,,,,,,,,,,,,,,,,,,,,,,,,,,D313
,,,,,,,,,,,,,,,,,,,,,,,,,,,,,D319
,,,,,,,,,,,,,,,,,,,,,,,,,,,,,D320
,,,,,,,,,,,,,,,,,,,,,,,,,,,,,D321
,,,,,,,,,,,,,,,,,,,,,,,,,,,,,D329
,,,,,,,,,,,,,,,,,,,,,,,,,,,,,D330
,,,,,,,,,,,,,,,,,,,,,,,,,,,,,D332
,,,,,,,,,,,,,,,,,,,,,,,,,,,,,D333
,,,,,,,,,,,,,,,,,,,,,,,,,,,,,D334
,,,,,,,,,,,,,,,,,,,,,,,,,,,,,D34
,,,,,,,,,,,,,,,,,,,,,,,,,,,,,D350
,,,,,,,,,,,,,,,,,,,,,,,,,,,,,D3501
,,,,,,,,,,,,,,,,,,,,,,,,,,,,,D3502
,,,,,,,,,,,,,,,,,,,,,,,,,,,,,D351
,,,,,,,,,,,,,,,,,,,,,,,,,,,,,D352
,,,,,,,,,,,,,,,,,,,,,,,,,,,,,D353
,,,,,,,,,,,,,,,,,,,,,,,,,,,,,D354
,,,,,,,,,,,,,,,,,,,,,,,,,,,,,D355
,,,,,,,,,,,,,,,,,,,,,,,,,,,,,D356
,,,,,,,,,,,,,,,,,,,,,,,,,,,,,D357
,,,,,,,,,,,,,,,,,,,,,,,,,,,,,D360
,,,,,,,,,,,,,,,,,,,,,,,,,,,,,D361
,,,,,,,,,,,,,,,,,,,,,,,,,,,,,D367
,,,,,,,,,,,,,,,,,,,,,,,,,,,,,D369
,,,,,,,,,,,,,,,,,,,,,,,,,,,,,D370
,,,,,,,,,,,,,,,,,,,,,,,,,,,,,D371
,,,,,,,,,,,,,,,,,,,,,,,,,,,,,D372
,,,,,,,,,,,,,,,,,,,,,,,,,,,,,D374
,,,,,,,,,,,,,,,,,,,,,,,,,,,,,D375
,,,,,,,,,,,,,,,,,,,,,,,,,,,,,D376
,,,,,,,,,,,,,,,,,,,,,,,,,,,,,D377
,,,,,,,,,,,,,,,,,,,,,,,,,,,,,D379
,,,,,,,,,,,,,,,,,,,,,,,,,,,,,D380
,,,,,,,,,,,,,,,,,,,,,,,,,,,,,D381
,,,,,,,,,,,,,,,,,,,,,,,,,,,,,D382
,,,,,,,,,,,,,,,,,,,,,,,,,,,,,D383
,,,,,,,,,,,,,,,,,,,,,,,,,,,,,D390
,,,,,,,,,,,,,,,,,,,,,,,,,,,,,D391
,,,,,,,,,,,,,,,,,,,,,,,,,,,,,D397
,,,,,,,,,,,,,,,,,,,,,,,,,,,,,D400
,,,,,,,,,,,,,,,,,,,,,,,,,,,,,D401
,,,,,,,,,,,,,,,,,,,,,,,,,,,,,D410
,,,,,,,,,,,,,,,,,,,,,,,,,,,,,D411
,,,,,,,,,,,,,,,,,,,,,,,,,,,,,D412
,,,,,,,,,,,,,,,,,,,,,,,,,,,,,D413
,,,,,,,,,,,,,,,,,,,,,,,,,,,,,D414
,,,,,,,,,,,,,,,,,,,,,,,,,,,,,D417
,,,,,,,,,,,,,,,,,,,,,,,,,,,,,D420
,,,,,,,,,,,,,,,,,,,,,,,,,,,,,D430
,,,,,,,,,,,,,,,,,,,,,,,,,,,,,D431
,,,,,,,,,,,,,,,,,,,,,,,,,,,,,D432
,,,,,,,,,,,,,,,,,,,,,,,,,,,,,D433
,,,,,,,,,,,,,,,,,,,,,,,,,,,,,D439
,,,,,,,,,,,,,,,,,,,,,,,,,,,,,D440
,,,,,,,,,,,,,,,,,,,,,,,,,,,,,D441
,,,,,,,,,,,,,,,,,,,,,,,,,,,,,D443
,,,,,,,,,,,,,,,,,,,,,,,,,,,,,D444
,,,,,,,,,,,,,,,,,,,,,,,,,,,,,D445
,,,,,,,,,,,,,,,,,,,,,,,,,,,,,D446
,,,,,,,,,,,,,,,,,,,,,,,,,,,,,D449
,,,,,,,,,,,,,,,,,,,,,,,,,,,,,D45
,,,,,,,,,,,,,,,,,,,,,,,,,,,,,D460
,,,,,,,,,,,,,,,,,,,,,,,,,,,,,D461
,,,,,,,,,,,,,,,,,,,,,,,,,,,,,D462
,,,,,,,,,,,,,,,,,,,,,,,,,,,,,D464
,,,,,,,,,,,,,,,,,,,,,,,,,,,,,D465
,,,,,,,,,,,,,,,,,,,,,,,,,,,,,D467
,,,,,,,,,,,,,,,,,,,,,,,,,,,,,D469
,,,,,,,,,,,,,,,,,,,,,,,,,,,,,D471
,,,,,,,,,,,,,,,,,,,,,,,,,,,,,D472
,,,,,,,,,,,,,,,,,,,,,,,,,,,,,D473
,,,,,,,,,,,,,,,,,,,,,,,,,,,,,D474
,,,,,,,,,,,,,,,,,,,,,,,,,,,,,D477
,,,,,,,,,,,,,,,,,,,,,,,,,,,,,D479
,,,,,,,,,,,,,,,,,,,,,,,,,,,,,D480
,,,,,,,,,,,,,,,,,,,,,,,,,,,,,D481
,,,,,,,,,,,,,,,,,,,,,,,,,,,,,D482
,,,,,,,,,,,,,,,,,,,,,,,,,,,,,D483
,,,,,,,,,,,,,,,,,,,,,,,,,,,,,D484
,,,,,,,,,,,,,,,,,,,,,,,,,,,,,D485
,,,,,,,,,,,,,,,,,,,,,,,,,,,,,D486
,,,,,,,,,,,,,,,,,,,,,,,,,,,,,D487
,,,,,,,,,,,,,,,,,,,,,,,,,,,,,D489
,,,,,,,,,,,,,,,,,,,,,,,,,,,,,E200
,,,,,,,,,,,,,,,,,,,,,,,,,,,,,E201
,,,,,,,,,,,,,,,,,,,,,,,,,,,,,E208
,,,,,,,,,,,,,,,,,,,,,,,,,,,,,E210
,,,,,,,,,,,,,,,,,,,,,,,,,,,,,E211
,,,,,,,,,,,,,,,,,,,,,,,,,,,,,E212
